hostname,ip,port,community,collector_hostname,timestamp,oid,value
localhost,127.0.0.1,161,public,local-producer,2025-11-05T10:18:16.304242,1.3.6.1.2.1.2.2.1.10.11,0
localhost,127.0.0.1,161,public,local-producer,2025-11-05T10:18:16.304242,1.3.6.1.2.1.2.2.1.16.11,0
localhost,127.0.0.1,161,public,local-producer,2025-11-05T10:18:16.304242,1.3.6.1.2.1.2.2.1.19.11,0
localhost,127.0.0.1,161,public,local-producer,2025-11-05T10:18:16.304242,1.3.6.1.2.1.2.2.1.11.11,0
localhost,127.0.0.1,161,public,local-producer,2025-11-05T10:18:16.304242,1.3.6.1.2.1.2.2.1.12.11,0
localhost,127.0.0.1,161,public,local-producer,2025-11-05T10:18:16.304242,1.3.6.1.2.1.2.2.1.13.11,0
localhost,127.0.0.1,161,public,local-producer,2025-11-05T10:18:16.304242,1.3.6.1.2.1.2.2.1.17.11,0
localhost,127.0.0.1,161,public,local-producer,2025-11-05T10:18:16.304242,1.3.6.1.2.1.2.2.1.18.11,0
localhost,127.0.0.1,161,public,local-producer,2025-11-05T10:18:16.304242,1.3.6.1.2.1.6.15.0,301
localhost,127.0.0.1,161,public,local-producer,2025-11-05T10:18:16.304242,1.3.6.1.2.1.6.10.0,15515
localhost,127.0.0.1,161,public,local-producer,2025-11-05T10:18:16.304242,1.3.6.1.2.1.6.11.0,15914
localhost,127.0.0.1,161,public,local-producer,2025-11-05T10:18:16.304242,1.3.6.1.2.1.6.6.0,40
localhost,127.0.0.1,161,public,local-producer,2025-11-05T10:18:16.304242,1.3.6.1.2.1.6.12.0,371
localhost,127.0.0.1,161,public,local-producer,2025-11-05T10:18:16.304242,1.3.6.1.2.1.6.9.0,22
localhost,127.0.0.1,161,public,local-producer,2025-11-05T10:18:16.304242,1.3.6.1.2.1.6.8.0,88
localhost,127.0.0.1,161,public,local-producer,2025-11-05T10:18:16.304242,1.3.6.1.2.1.6.5.0,825
localhost,127.0.0.1,161,public,local-producer,2025-11-05T10:18:16.304242,1.3.6.1.2.1.7.1.0,82155
localhost,127.0.0.1,161,public,local-producer,2025-11-05T10:18:16.304242,1.3.6.1.2.1.7.4.0,17695
localhost,127.0.0.1,161,public,local-producer,2025-11-05T10:18:16.304242,1.3.6.1.2.1.7.3.0,0
localhost,127.0.0.1,161,public,local-producer,2025-11-05T10:18:16.304242,1.3.6.1.2.1.7.2.0,207
localhost,127.0.0.1,161,public,local-producer,2025-11-05T10:18:16.304242,1.3.6.1.2.1.4.3.0,95742
localhost,127.0.0.1,161,public,local-producer,2025-11-05T10:18:16.304242,1.3.6.1.2.1.4.9.0,95874
localhost,127.0.0.1,161,public,local-producer,2025-11-05T10:18:16.304242,1.3.6.1.2.1.4.10.0,32708
localhost,127.0.0.1,161,public,local-producer,2025-11-05T10:18:16.304242,1.3.6.1.2.1.4.11.0,35
localhost,127.0.0.1,161,public,local-producer,2025-11-05T10:18:16.304242,1.3.6.1.2.1.4.8.0,209
localhost,127.0.0.1,161,public,local-producer,2025-11-05T10:18:16.304242,1.3.6.1.2.1.4.6.0,0
localhost,127.0.0.1,161,public,local-producer,2025-11-05T10:18:16.304242,1.3.6.1.2.1.4.12.0,9
localhost,127.0.0.1,161,public,local-producer,2025-11-05T10:18:16.304242,1.3.6.1.2.1.4.5.0,0
localhost,127.0.0.1,161,public,local-producer,2025-11-05T10:18:16.304242,1.3.6.1.2.1.5.1.0,8
localhost,127.0.0.1,161,public,local-producer,2025-11-05T10:18:16.304242,1.3.6.1.2.1.5.3.0,8
localhost,127.0.0.1,161,public,local-producer,2025-11-05T10:18:16.304242,1.3.6.1.2.1.5.14.0,10
localhost,127.0.0.1,161,public,local-producer,2025-11-05T10:18:16.304242,1.3.6.1.2.1.5.23.0,0
localhost,127.0.0.1,161,public,local-producer,2025-11-05T10:18:16.304242,1.3.6.1.2.1.5.8.0,0
localhost,127.0.0.1,161,public,local-producer,2025-11-05T10:18:16.304242,1.3.6.1.2.1.5.21.0,0
localhost,127.0.0.1,161,public,local-producer,2025-11-05T10:18:26.587248,1.3.6.1.2.1.2.2.1.10.11,0
localhost,127.0.0.1,161,public,local-producer,2025-11-05T10:18:26.587248,1.3.6.1.2.1.2.2.1.16.11,0
localhost,127.0.0.1,161,public,local-producer,2025-11-05T10:18:26.587248,1.3.6.1.2.1.2.2.1.19.11,0
localhost,127.0.0.1,161,public,local-producer,2025-11-05T10:18:26.587248,1.3.6.1.2.1.2.2.1.11.11,0
localhost,127.0.0.1,161,public,local-producer,2025-11-05T10:18:26.587248,1.3.6.1.2.1.2.2.1.12.11,0
localhost,127.0.0.1,161,public,local-producer,2025-11-05T10:18:26.587248,1.3.6.1.2.1.2.2.1.13.11,0
localhost,127.0.0.1,161,public,local-producer,2025-11-05T10:18:26.587248,1.3.6.1.2.1.2.2.1.17.11,0
localhost,127.0.0.1,161,public,local-producer,2025-11-05T10:18:26.587248,1.3.6.1.2.1.2.2.1.18.11,0
localhost,127.0.0.1,161,public,local-producer,2025-11-05T10:18:26.587248,1.3.6.1.2.1.6.15.0,302
localhost,127.0.0.1,161,public,local-producer,2025-11-05T10:18:26.587248,1.3.6.1.2.1.6.10.0,15604
localhost,127.0.0.1,161,public,local-producer,2025-11-05T10:18:26.587248,1.3.6.1.2.1.6.11.0,16010
localhost,127.0.0.1,161,public,local-producer,2025-11-05T10:18:26.587248,1.3.6.1.2.1.6.6.0,41
localhost,127.0.0.1,161,public,local-producer,2025-11-05T10:18:26.587248,1.3.6.1.2.1.6.12.0,371
localhost,127.0.0.1,161,public,local-producer,2025-11-05T10:18:26.587248,1.3.6.1.2.1.6.9.0,26
localhost,127.0.0.1,161,public,local-producer,2025-11-05T10:18:26.587248,1.3.6.1.2.1.6.8.0,88
localhost,127.0.0.1,161,public,local-producer,2025-11-05T10:18:26.587248,1.3.6.1.2.1.6.5.0,833
localhost,127.0.0.1,161,public,local-producer,2025-11-05T10:18:26.587248,1.3.6.1.2.1.7.1.0,82167
localhost,127.0.0.1,161,public,local-producer,2025-11-05T10:18:26.587248,1.3.6.1.2.1.7.4.0,17707
localhost,127.0.0.1,161,public,local-producer,2025-11-05T10:18:26.587248,1.3.6.1.2.1.7.3.0,0
localhost,127.0.0.1,161,public,local-producer,2025-11-05T10:18:26.587248,1.3.6.1.2.1.7.2.0,207
localhost,127.0.0.1,161,public,local-producer,2025-11-05T10:18:26.587248,1.3.6.1.2.1.4.3.0,95827
localhost,127.0.0.1,161,public,local-producer,2025-11-05T10:18:26.587248,1.3.6.1.2.1.4.9.0,95955
localhost,127.0.0.1,161,public,local-producer,2025-11-05T10:18:26.587248,1.3.6.1.2.1.4.10.0,32799
localhost,127.0.0.1,161,public,local-producer,2025-11-05T10:18:26.587248,1.3.6.1.2.1.4.11.0,35
localhost,127.0.0.1,161,public,local-producer,2025-11-05T10:18:26.587248,1.3.6.1.2.1.4.8.0,209
localhost,127.0.0.1,161,public,local-producer,2025-11-05T10:18:26.587248,1.3.6.1.2.1.4.6.0,0
localhost,127.0.0.1,161,public,local-producer,2025-11-05T10:18:26.587248,1.3.6.1.2.1.4.12.0,9
localhost,127.0.0.1,161,public,local-producer,2025-11-05T10:18:26.587248,1.3.6.1.2.1.4.5.0,0
localhost,127.0.0.1,161,public,local-producer,2025-11-05T10:18:26.587248,1.3.6.1.2.1.5.1.0,8
localhost,127.0.0.1,161,public,local-producer,2025-11-05T10:18:26.587248,1.3.6.1.2.1.5.3.0,8
localhost,127.0.0.1,161,public,local-producer,2025-11-05T10:18:26.587248,1.3.6.1.2.1.5.14.0,10
localhost,127.0.0.1,161,public,local-producer,2025-11-05T10:18:26.587248,1.3.6.1.2.1.5.23.0,0
localhost,127.0.0.1,161,public,local-producer,2025-11-05T10:18:26.587248,1.3.6.1.2.1.5.8.0,0
localhost,127.0.0.1,161,public,local-producer,2025-11-05T10:18:26.587248,1.3.6.1.2.1.5.21.0,0
localhost,127.0.0.1,161,public,local-producer,2025-11-05T10:18:36.861953,1.3.6.1.2.1.2.2.1.10.11,0
localhost,127.0.0.1,161,public,local-producer,2025-11-05T10:18:36.861953,1.3.6.1.2.1.2.2.1.16.11,0
localhost,127.0.0.1,161,public,local-producer,2025-11-05T10:18:36.861953,1.3.6.1.2.1.2.2.1.19.11,0
localhost,127.0.0.1,161,public,local-producer,2025-11-05T10:18:36.861953,1.3.6.1.2.1.2.2.1.11.11,0
localhost,127.0.0.1,161,public,local-producer,2025-11-05T10:18:36.861953,1.3.6.1.2.1.2.2.1.12.11,0
localhost,127.0.0.1,161,public,local-producer,2025-11-05T10:18:36.861953,1.3.6.1.2.1.2.2.1.13.11,0
localhost,127.0.0.1,161,public,local-producer,2025-11-05T10:18:36.861953,1.3.6.1.2.1.2.2.1.17.11,0
localhost,127.0.0.1,161,public,local-producer,2025-11-05T10:18:36.861953,1.3.6.1.2.1.2.2.1.18.11,0
localhost,127.0.0.1,161,public,local-producer,2025-11-05T10:18:36.861953,1.3.6.1.2.1.6.15.0,304
localhost,127.0.0.1,161,public,local-producer,2025-11-05T10:18:36.861953,1.3.6.1.2.1.6.10.0,15635
localhost,127.0.0.1,161,public,local-producer,2025-11-05T10:18:36.861953,1.3.6.1.2.1.6.11.0,16041
localhost,127.0.0.1,161,public,local-producer,2025-11-05T10:18:36.861953,1.3.6.1.2.1.6.6.0,41
localhost,127.0.0.1,161,public,local-producer,2025-11-05T10:18:36.861953,1.3.6.1.2.1.6.12.0,372
localhost,127.0.0.1,161,public,local-producer,2025-11-05T10:18:36.861953,1.3.6.1.2.1.6.9.0,22
localhost,127.0.0.1,161,public,local-producer,2025-11-05T10:18:36.861953,1.3.6.1.2.1.6.8.0,88
localhost,127.0.0.1,161,public,local-producer,2025-11-05T10:18:36.861953,1.3.6.1.2.1.6.5.0,834
localhost,127.0.0.1,161,public,local-producer,2025-11-05T10:18:36.861953,1.3.6.1.2.1.7.1.0,82181
localhost,127.0.0.1,161,public,local-producer,2025-11-05T10:18:36.861953,1.3.6.1.2.1.7.4.0,17712
localhost,127.0.0.1,161,public,local-producer,2025-11-05T10:18:36.861953,1.3.6.1.2.1.7.3.0,0
localhost,127.0.0.1,161,public,local-producer,2025-11-05T10:18:36.861953,1.3.6.1.2.1.7.2.0,209
localhost,127.0.0.1,161,public,local-producer,2025-11-05T10:18:36.861953,1.3.6.1.2.1.4.3.0,95866
localhost,127.0.0.1,161,public,local-producer,2025-11-05T10:18:36.861953,1.3.6.1.2.1.4.9.0,95988
localhost,127.0.0.1,161,public,local-producer,2025-11-05T10:18:36.861953,1.3.6.1.2.1.4.10.0,32836
localhost,127.0.0.1,161,public,local-producer,2025-11-05T10:18:36.861953,1.3.6.1.2.1.4.11.0,35
localhost,127.0.0.1,161,public,local-producer,2025-11-05T10:18:36.861953,1.3.6.1.2.1.4.8.0,211
localhost,127.0.0.1,161,public,local-producer,2025-11-05T10:18:36.861953,1.3.6.1.2.1.4.6.0,0
localhost,127.0.0.1,161,public,local-producer,2025-11-05T10:18:36.861953,1.3.6.1.2.1.4.12.0,9
localhost,127.0.0.1,161,public,local-producer,2025-11-05T10:18:36.861953,1.3.6.1.2.1.4.5.0,0
localhost,127.0.0.1,161,public,local-producer,2025-11-05T10:18:36.861953,1.3.6.1.2.1.5.1.0,8
localhost,127.0.0.1,161,public,local-producer,2025-11-05T10:18:36.861953,1.3.6.1.2.1.5.3.0,8
localhost,127.0.0.1,161,public,local-producer,2025-11-05T10:18:36.861953,1.3.6.1.2.1.5.14.0,10
localhost,127.0.0.1,161,public,local-producer,2025-11-05T10:18:36.861953,1.3.6.1.2.1.5.23.0,0
localhost,127.0.0.1,161,public,local-producer,2025-11-05T10:18:36.861953,1.3.6.1.2.1.5.8.0,0
localhost,127.0.0.1,161,public,local-producer,2025-11-05T10:18:36.861953,1.3.6.1.2.1.5.21.0,0
localhost,127.0.0.1,161,public,local-producer,2025-11-05T10:18:47.069319,1.3.6.1.2.1.2.2.1.10.11,0
localhost,127.0.0.1,161,public,local-producer,2025-11-05T10:18:47.069319,1.3.6.1.2.1.2.2.1.16.11,0
localhost,127.0.0.1,161,public,local-producer,2025-11-05T10:18:47.069319,1.3.6.1.2.1.2.2.1.19.11,0
localhost,127.0.0.1,161,public,local-producer,2025-11-05T10:18:47.069319,1.3.6.1.2.1.2.2.1.11.11,0
localhost,127.0.0.1,161,public,local-producer,2025-11-05T10:18:47.069319,1.3.6.1.2.1.2.2.1.12.11,0
localhost,127.0.0.1,161,public,local-producer,2025-11-05T10:18:47.069319,1.3.6.1.2.1.2.2.1.13.11,0
localhost,127.0.0.1,161,public,local-producer,2025-11-05T10:18:47.069319,1.3.6.1.2.1.2.2.1.17.11,0
localhost,127.0.0.1,161,public,local-producer,2025-11-05T10:18:47.069319,1.3.6.1.2.1.2.2.1.18.11,0
localhost,127.0.0.1,161,public,local-producer,2025-11-05T10:18:47.069319,1.3.6.1.2.1.6.15.0,304
localhost,127.0.0.1,161,public,local-producer,2025-11-05T10:18:47.069319,1.3.6.1.2.1.6.10.0,15657
localhost,127.0.0.1,161,public,local-producer,2025-11-05T10:18:47.069319,1.3.6.1.2.1.6.11.0,16062
localhost,127.0.0.1,161,public,local-producer,2025-11-05T10:18:47.069319,1.3.6.1.2.1.6.6.0,41
localhost,127.0.0.1,161,public,local-producer,2025-11-05T10:18:47.069319,1.3.6.1.2.1.6.12.0,373
localhost,127.0.0.1,161,public,local-producer,2025-11-05T10:18:47.069319,1.3.6.1.2.1.6.9.0,21
localhost,127.0.0.1,161,public,local-producer,2025-11-05T10:18:47.069319,1.3.6.1.2.1.6.8.0,88
localhost,127.0.0.1,161,public,local-producer,2025-11-05T10:18:47.069319,1.3.6.1.2.1.6.5.0,835
localhost,127.0.0.1,161,public,local-producer,2025-11-05T10:18:47.069319,1.3.6.1.2.1.7.1.0,82187
localhost,127.0.0.1,161,public,local-producer,2025-11-05T10:18:47.069319,1.3.6.1.2.1.7.4.0,17714
localhost,127.0.0.1,161,public,local-producer,2025-11-05T10:18:47.069319,1.3.6.1.2.1.7.3.0,0
localhost,127.0.0.1,161,public,local-producer,2025-11-05T10:18:47.069319,1.3.6.1.2.1.7.2.0,209
localhost,127.0.0.1,161,public,local-producer,2025-11-05T10:18:47.069319,1.3.6.1.2.1.4.3.0,95885
localhost,127.0.0.1,161,public,local-producer,2025-11-05T10:18:47.069319,1.3.6.1.2.1.4.9.0,96005
localhost,127.0.0.1,161,public,local-producer,2025-11-05T10:18:47.069319,1.3.6.1.2.1.4.10.0,32858
localhost,127.0.0.1,161,public,local-producer,2025-11-05T10:18:47.069319,1.3.6.1.2.1.4.11.0,35
localhost,127.0.0.1,161,public,local-producer,2025-11-05T10:18:47.069319,1.3.6.1.2.1.4.8.0,211
localhost,127.0.0.1,161,public,local-producer,2025-11-05T10:18:47.069319,1.3.6.1.2.1.4.6.0,0
localhost,127.0.0.1,161,public,local-producer,2025-11-05T10:18:47.069319,1.3.6.1.2.1.4.12.0,9
localhost,127.0.0.1,161,public,local-producer,2025-11-05T10:18:47.069319,1.3.6.1.2.1.4.5.0,0
localhost,127.0.0.1,161,public,local-producer,2025-11-05T10:18:47.069319,1.3.6.1.2.1.5.1.0,8
localhost,127.0.0.1,161,public,local-producer,2025-11-05T10:18:47.069319,1.3.6.1.2.1.5.3.0,8
localhost,127.0.0.1,161,public,local-producer,2025-11-05T10:18:47.069319,1.3.6.1.2.1.5.14.0,10
localhost,127.0.0.1,161,public,local-producer,2025-11-05T10:18:47.069319,1.3.6.1.2.1.5.23.0,0
localhost,127.0.0.1,161,public,local-producer,2025-11-05T10:18:47.069319,1.3.6.1.2.1.5.8.0,0
localhost,127.0.0.1,161,public,local-producer,2025-11-05T10:18:47.069319,1.3.6.1.2.1.5.21.0,0
localhost,127.0.0.1,161,public,local-producer,2025-11-05T10:18:57.392927,1.3.6.1.2.1.2.2.1.10.11,0
localhost,127.0.0.1,161,public,local-producer,2025-11-05T10:18:57.392927,1.3.6.1.2.1.2.2.1.16.11,0
localhost,127.0.0.1,161,public,local-producer,2025-11-05T10:18:57.392927,1.3.6.1.2.1.2.2.1.19.11,0
localhost,127.0.0.1,161,public,local-producer,2025-11-05T10:18:57.392927,1.3.6.1.2.1.2.2.1.11.11,0
localhost,127.0.0.1,161,public,local-producer,2025-11-05T10:18:57.392927,1.3.6.1.2.1.2.2.1.12.11,0
localhost,127.0.0.1,161,public,local-producer,2025-11-05T10:18:57.392927,1.3.6.1.2.1.2.2.1.13.11,0
localhost,127.0.0.1,161,public,local-producer,2025-11-05T10:18:57.392927,1.3.6.1.2.1.2.2.1.17.11,0
localhost,127.0.0.1,161,public,local-producer,2025-11-05T10:18:57.392927,1.3.6.1.2.1.2.2.1.18.11,0
localhost,127.0.0.1,161,public,local-producer,2025-11-05T10:18:57.392927,1.3.6.1.2.1.6.15.0,306
localhost,127.0.0.1,161,public,local-producer,2025-11-05T10:18:57.392927,1.3.6.1.2.1.6.10.0,15723
localhost,127.0.0.1,161,public,local-producer,2025-11-05T10:18:57.392927,1.3.6.1.2.1.6.11.0,16128
localhost,127.0.0.1,161,public,local-producer,2025-11-05T10:18:57.392927,1.3.6.1.2.1.6.6.0,42
localhost,127.0.0.1,161,public,local-producer,2025-11-05T10:18:57.392927,1.3.6.1.2.1.6.12.0,373
localhost,127.0.0.1,161,public,local-producer,2025-11-05T10:18:57.392927,1.3.6.1.2.1.6.9.0,21
localhost,127.0.0.1,161,public,local-producer,2025-11-05T10:18:57.392927,1.3.6.1.2.1.6.8.0,88
localhost,127.0.0.1,161,public,local-producer,2025-11-05T10:18:57.392927,1.3.6.1.2.1.6.5.0,838
localhost,127.0.0.1,161,public,local-producer,2025-11-05T10:18:57.392927,1.3.6.1.2.1.7.1.0,82205
localhost,127.0.0.1,161,public,local-producer,2025-11-05T10:18:57.392927,1.3.6.1.2.1.7.4.0,17716
localhost,127.0.0.1,161,public,local-producer,2025-11-05T10:18:57.392927,1.3.6.1.2.1.7.3.0,0
localhost,127.0.0.1,161,public,local-producer,2025-11-05T10:18:57.392927,1.3.6.1.2.1.7.2.0,209
localhost,127.0.0.1,161,public,local-producer,2025-11-05T10:18:57.392927,1.3.6.1.2.1.4.3.0,95926
localhost,127.0.0.1,161,public,local-producer,2025-11-05T10:18:57.392927,1.3.6.1.2.1.4.9.0,96042
localhost,127.0.0.1,161,public,local-producer,2025-11-05T10:18:57.392927,1.3.6.1.2.1.4.10.0,32893
localhost,127.0.0.1,161,public,local-producer,2025-11-05T10:18:57.392927,1.3.6.1.2.1.4.11.0,35
localhost,127.0.0.1,161,public,local-producer,2025-11-05T10:18:57.392927,1.3.6.1.2.1.4.8.0,211
localhost,127.0.0.1,161,public,local-producer,2025-11-05T10:18:57.392927,1.3.6.1.2.1.4.6.0,0
localhost,127.0.0.1,161,public,local-producer,2025-11-05T10:18:57.392927,1.3.6.1.2.1.4.12.0,9
localhost,127.0.0.1,161,public,local-producer,2025-11-05T10:18:57.392927,1.3.6.1.2.1.4.5.0,0
localhost,127.0.0.1,161,public,local-producer,2025-11-05T10:18:57.392927,1.3.6.1.2.1.5.1.0,8
localhost,127.0.0.1,161,public,local-producer,2025-11-05T10:18:57.392927,1.3.6.1.2.1.5.3.0,8
localhost,127.0.0.1,161,public,local-producer,2025-11-05T10:18:57.392927,1.3.6.1.2.1.5.14.0,10
localhost,127.0.0.1,161,public,local-producer,2025-11-05T10:18:57.392927,1.3.6.1.2.1.5.23.0,0
localhost,127.0.0.1,161,public,local-producer,2025-11-05T10:18:57.392927,1.3.6.1.2.1.5.8.0,0
localhost,127.0.0.1,161,public,local-producer,2025-11-05T10:18:57.392927,1.3.6.1.2.1.5.21.0,0
localhost,127.0.0.1,161,public,local-producer,2025-11-05T10:19:07.722272,1.3.6.1.2.1.2.2.1.10.11,0
localhost,127.0.0.1,161,public,local-producer,2025-11-05T10:19:07.722272,1.3.6.1.2.1.2.2.1.16.11,0
localhost,127.0.0.1,161,public,local-producer,2025-11-05T10:19:07.722272,1.3.6.1.2.1.2.2.1.19.11,0
localhost,127.0.0.1,161,public,local-producer,2025-11-05T10:19:07.722272,1.3.6.1.2.1.2.2.1.11.11,0
localhost,127.0.0.1,161,public,local-producer,2025-11-05T10:19:07.722272,1.3.6.1.2.1.2.2.1.12.11,0
localhost,127.0.0.1,161,public,local-producer,2025-11-05T10:19:07.722272,1.3.6.1.2.1.2.2.1.13.11,0
localhost,127.0.0.1,161,public,local-producer,2025-11-05T10:19:07.722272,1.3.6.1.2.1.2.2.1.17.11,0
localhost,127.0.0.1,161,public,local-producer,2025-11-05T10:19:07.722272,1.3.6.1.2.1.2.2.1.18.11,0
localhost,127.0.0.1,161,public,local-producer,2025-11-05T10:19:07.722272,1.3.6.1.2.1.6.15.0,311
localhost,127.0.0.1,161,public,local-producer,2025-11-05T10:19:07.722272,1.3.6.1.2.1.6.10.0,15938
localhost,127.0.0.1,161,public,local-producer,2025-11-05T10:19:07.722272,1.3.6.1.2.1.6.11.0,16342
localhost,127.0.0.1,161,public,local-producer,2025-11-05T10:19:07.722272,1.3.6.1.2.1.6.6.0,43
localhost,127.0.0.1,161,public,local-producer,2025-11-05T10:19:07.722272,1.3.6.1.2.1.6.12.0,376
localhost,127.0.0.1,161,public,local-producer,2025-11-05T10:19:07.722272,1.3.6.1.2.1.6.9.0,28
localhost,127.0.0.1,161,public,local-producer,2025-11-05T10:19:07.722272,1.3.6.1.2.1.6.8.0,88
localhost,127.0.0.1,161,public,local-producer,2025-11-05T10:19:07.722272,1.3.6.1.2.1.6.5.0,854
localhost,127.0.0.1,161,public,local-producer,2025-11-05T10:19:07.722272,1.3.6.1.2.1.7.1.0,82305
localhost,127.0.0.1,161,public,local-producer,2025-11-05T10:19:07.722272,1.3.6.1.2.1.7.4.0,17800
localhost,127.0.0.1,161,public,local-producer,2025-11-05T10:19:07.722272,1.3.6.1.2.1.7.3.0,0
localhost,127.0.0.1,161,public,local-producer,2025-11-05T10:19:07.722272,1.3.6.1.2.1.7.2.0,209
localhost,127.0.0.1,161,public,local-producer,2025-11-05T10:19:07.722272,1.3.6.1.2.1.4.3.0,96208
localhost,127.0.0.1,161,public,local-producer,2025-11-05T10:19:07.722272,1.3.6.1.2.1.4.9.0,96320
localhost,127.0.0.1,161,public,local-producer,2025-11-05T10:19:07.722272,1.3.6.1.2.1.4.10.0,33162
localhost,127.0.0.1,161,public,local-producer,2025-11-05T10:19:07.722272,1.3.6.1.2.1.4.11.0,35
localhost,127.0.0.1,161,public,local-producer,2025-11-05T10:19:07.722272,1.3.6.1.2.1.4.8.0,211
localhost,127.0.0.1,161,public,local-producer,2025-11-05T10:19:07.722272,1.3.6.1.2.1.4.6.0,0
localhost,127.0.0.1,161,public,local-producer,2025-11-05T10:19:07.722272,1.3.6.1.2.1.4.12.0,9
localhost,127.0.0.1,161,public,local-producer,2025-11-05T10:19:07.722272,1.3.6.1.2.1.4.5.0,0
localhost,127.0.0.1,161,public,local-producer,2025-11-05T10:19:07.722272,1.3.6.1.2.1.5.1.0,8
localhost,127.0.0.1,161,public,local-producer,2025-11-05T10:19:07.722272,1.3.6.1.2.1.5.3.0,8
localhost,127.0.0.1,161,public,local-producer,2025-11-05T10:19:07.722272,1.3.6.1.2.1.5.14.0,10
localhost,127.0.0.1,161,public,local-producer,2025-11-05T10:19:07.722272,1.3.6.1.2.1.5.23.0,0
localhost,127.0.0.1,161,public,local-producer,2025-11-05T10:19:07.722272,1.3.6.1.2.1.5.8.0,0
localhost,127.0.0.1,161,public,local-producer,2025-11-05T10:19:07.722272,1.3.6.1.2.1.5.21.0,0
localhost,127.0.0.1,161,public,local-producer,2025-11-05T10:19:17.951091,1.3.6.1.2.1.2.2.1.10.11,0
localhost,127.0.0.1,161,public,local-producer,2025-11-05T10:19:17.951091,1.3.6.1.2.1.2.2.1.16.11,0
localhost,127.0.0.1,161,public,local-producer,2025-11-05T10:19:17.951091,1.3.6.1.2.1.2.2.1.19.11,0
localhost,127.0.0.1,161,public,local-producer,2025-11-05T10:19:17.951091,1.3.6.1.2.1.2.2.1.11.11,0
localhost,127.0.0.1,161,public,local-producer,2025-11-05T10:19:17.951091,1.3.6.1.2.1.2.2.1.12.11,0
localhost,127.0.0.1,161,public,local-producer,2025-11-05T10:19:17.951091,1.3.6.1.2.1.2.2.1.13.11,0
localhost,127.0.0.1,161,public,local-producer,2025-11-05T10:19:17.951091,1.3.6.1.2.1.2.2.1.17.11,0
localhost,127.0.0.1,161,public,local-producer,2025-11-05T10:19:17.951091,1.3.6.1.2.1.2.2.1.18.11,0
localhost,127.0.0.1,161,public,local-producer,2025-11-05T10:19:17.951091,1.3.6.1.2.1.6.15.0,313
localhost,127.0.0.1,161,public,local-producer,2025-11-05T10:19:17.951091,1.3.6.1.2.1.6.10.0,15978
localhost,127.0.0.1,161,public,local-producer,2025-11-05T10:19:17.951091,1.3.6.1.2.1.6.11.0,16382
localhost,127.0.0.1,161,public,local-producer,2025-11-05T10:19:17.951091,1.3.6.1.2.1.6.6.0,43
localhost,127.0.0.1,161,public,local-producer,2025-11-05T10:19:17.951091,1.3.6.1.2.1.6.12.0,376
localhost,127.0.0.1,161,public,local-producer,2025-11-05T10:19:17.951091,1.3.6.1.2.1.6.9.0,21
localhost,127.0.0.1,161,public,local-producer,2025-11-05T10:19:17.951091,1.3.6.1.2.1.6.8.0,88
localhost,127.0.0.1,161,public,local-producer,2025-11-05T10:19:17.951091,1.3.6.1.2.1.6.5.0,854
localhost,127.0.0.1,161,public,local-producer,2025-11-05T10:19:17.951091,1.3.6.1.2.1.7.1.0,82307
localhost,127.0.0.1,161,public,local-producer,2025-11-05T10:19:17.951091,1.3.6.1.2.1.7.4.0,17802
localhost,127.0.0.1,161,public,local-producer,2025-11-05T10:19:17.951091,1.3.6.1.2.1.7.3.0,0
localhost,127.0.0.1,161,public,local-producer,2025-11-05T10:19:17.951091,1.3.6.1.2.1.7.2.0,209
localhost,127.0.0.1,161,public,local-producer,2025-11-05T10:19:17.951091,1.3.6.1.2.1.4.3.0,96241
localhost,127.0.0.1,161,public,local-producer,2025-11-05T10:19:17.951091,1.3.6.1.2.1.4.9.0,96351
localhost,127.0.0.1,161,public,local-producer,2025-11-05T10:19:17.951091,1.3.6.1.2.1.4.10.0,33195
localhost,127.0.0.1,161,public,local-producer,2025-11-05T10:19:17.951091,1.3.6.1.2.1.4.11.0,35
localhost,127.0.0.1,161,public,local-producer,2025-11-05T10:19:17.951091,1.3.6.1.2.1.4.8.0,211
localhost,127.0.0.1,161,public,local-producer,2025-11-05T10:19:17.951091,1.3.6.1.2.1.4.6.0,0
localhost,127.0.0.1,161,public,local-producer,2025-11-05T10:19:17.951091,1.3.6.1.2.1.4.12.0,9
localhost,127.0.0.1,161,public,local-producer,2025-11-05T10:19:17.951091,1.3.6.1.2.1.4.5.0,0
localhost,127.0.0.1,161,public,local-producer,2025-11-05T10:19:17.951091,1.3.6.1.2.1.5.1.0,8
localhost,127.0.0.1,161,public,local-producer,2025-11-05T10:19:17.951091,1.3.6.1.2.1.5.3.0,8
localhost,127.0.0.1,161,public,local-producer,2025-11-05T10:19:17.951091,1.3.6.1.2.1.5.14.0,10
localhost,127.0.0.1,161,public,local-producer,2025-11-05T10:19:17.951091,1.3.6.1.2.1.5.23.0,0
localhost,127.0.0.1,161,public,local-producer,2025-11-05T10:19:17.951091,1.3.6.1.2.1.5.8.0,0
localhost,127.0.0.1,161,public,local-producer,2025-11-05T10:19:17.951091,1.3.6.1.2.1.5.21.0,0
localhost,127.0.0.1,161,public,local-producer,2025-11-05T10:19:28.326261,1.3.6.1.2.1.2.2.1.10.11,0
localhost,127.0.0.1,161,public,local-producer,2025-11-05T10:19:28.326261,1.3.6.1.2.1.2.2.1.16.11,0
localhost,127.0.0.1,161,public,local-producer,2025-11-05T10:19:28.326261,1.3.6.1.2.1.2.2.1.19.11,0
localhost,127.0.0.1,161,public,local-producer,2025-11-05T10:19:28.326261,1.3.6.1.2.1.2.2.1.11.11,0
localhost,127.0.0.1,161,public,local-producer,2025-11-05T10:19:28.326261,1.3.6.1.2.1.2.2.1.12.11,0
localhost,127.0.0.1,161,public,local-producer,2025-11-05T10:19:28.326261,1.3.6.1.2.1.2.2.1.13.11,0
localhost,127.0.0.1,161,public,local-producer,2025-11-05T10:19:28.326261,1.3.6.1.2.1.2.2.1.17.11,0
localhost,127.0.0.1,161,public,local-producer,2025-11-05T10:19:28.326261,1.3.6.1.2.1.2.2.1.18.11,0
localhost,127.0.0.1,161,public,local-producer,2025-11-05T10:19:28.326261,1.3.6.1.2.1.6.15.0,313
localhost,127.0.0.1,161,public,local-producer,2025-11-05T10:19:28.326261,1.3.6.1.2.1.6.10.0,16057
localhost,127.0.0.1,161,public,local-producer,2025-11-05T10:19:28.326261,1.3.6.1.2.1.6.11.0,16464
localhost,127.0.0.1,161,public,local-producer,2025-11-05T10:19:28.326261,1.3.6.1.2.1.6.6.0,44
localhost,127.0.0.1,161,public,local-producer,2025-11-05T10:19:28.326261,1.3.6.1.2.1.6.12.0,379
localhost,127.0.0.1,161,public,local-producer,2025-11-05T10:19:28.326261,1.3.6.1.2.1.6.9.0,22
localhost,127.0.0.1,161,public,local-producer,2025-11-05T10:19:28.326261,1.3.6.1.2.1.6.8.0,88
localhost,127.0.0.1,161,public,local-producer,2025-11-05T10:19:28.326261,1.3.6.1.2.1.6.5.0,859
localhost,127.0.0.1,161,public,local-producer,2025-11-05T10:19:28.326261,1.3.6.1.2.1.7.1.0,82309
localhost,127.0.0.1,161,public,local-producer,2025-11-05T10:19:28.326261,1.3.6.1.2.1.7.4.0,17804
localhost,127.0.0.1,161,public,local-producer,2025-11-05T10:19:28.326261,1.3.6.1.2.1.7.3.0,0
localhost,127.0.0.1,161,public,local-producer,2025-11-05T10:19:28.326261,1.3.6.1.2.1.7.2.0,209
localhost,127.0.0.1,161,public,local-producer,2025-11-05T10:19:28.326261,1.3.6.1.2.1.4.3.0,96292
localhost,127.0.0.1,161,public,local-producer,2025-11-05T10:19:28.326261,1.3.6.1.2.1.4.9.0,96398
localhost,127.0.0.1,161,public,local-producer,2025-11-05T10:19:28.326261,1.3.6.1.2.1.4.10.0,33251
localhost,127.0.0.1,161,public,local-producer,2025-11-05T10:19:28.326261,1.3.6.1.2.1.4.11.0,35
localhost,127.0.0.1,161,public,local-producer,2025-11-05T10:19:28.326261,1.3.6.1.2.1.4.8.0,211
localhost,127.0.0.1,161,public,local-producer,2025-11-05T10:19:28.326261,1.3.6.1.2.1.4.6.0,0
localhost,127.0.0.1,161,public,local-producer,2025-11-05T10:19:28.326261,1.3.6.1.2.1.4.12.0,9
localhost,127.0.0.1,161,public,local-producer,2025-11-05T10:19:28.326261,1.3.6.1.2.1.4.5.0,0
localhost,127.0.0.1,161,public,local-producer,2025-11-05T10:19:28.326261,1.3.6.1.2.1.5.1.0,8
localhost,127.0.0.1,161,public,local-producer,2025-11-05T10:19:28.326261,1.3.6.1.2.1.5.3.0,8
localhost,127.0.0.1,161,public,local-producer,2025-11-05T10:19:28.326261,1.3.6.1.2.1.5.14.0,10
localhost,127.0.0.1,161,public,local-producer,2025-11-05T10:19:28.326261,1.3.6.1.2.1.5.23.0,0
localhost,127.0.0.1,161,public,local-producer,2025-11-05T10:19:28.326261,1.3.6.1.2.1.5.8.0,0
localhost,127.0.0.1,161,public,local-producer,2025-11-05T10:19:28.326261,1.3.6.1.2.1.5.21.0,0
localhost,127.0.0.1,161,public,local-producer,2025-11-05T10:19:38.646269,1.3.6.1.2.1.2.2.1.10.11,0
localhost,127.0.0.1,161,public,local-producer,2025-11-05T10:19:38.646269,1.3.6.1.2.1.2.2.1.16.11,0
localhost,127.0.0.1,161,public,local-producer,2025-11-05T10:19:38.646269,1.3.6.1.2.1.2.2.1.19.11,0
localhost,127.0.0.1,161,public,local-producer,2025-11-05T10:19:38.646269,1.3.6.1.2.1.2.2.1.11.11,0
localhost,127.0.0.1,161,public,local-producer,2025-11-05T10:19:38.646269,1.3.6.1.2.1.2.2.1.12.11,0
localhost,127.0.0.1,161,public,local-producer,2025-11-05T10:19:38.646269,1.3.6.1.2.1.2.2.1.13.11,0
localhost,127.0.0.1,161,public,local-producer,2025-11-05T10:19:38.646269,1.3.6.1.2.1.2.2.1.17.11,0
localhost,127.0.0.1,161,public,local-producer,2025-11-05T10:19:38.646269,1.3.6.1.2.1.2.2.1.18.11,0
localhost,127.0.0.1,161,public,local-producer,2025-11-05T10:19:38.646269,1.3.6.1.2.1.6.15.0,313
localhost,127.0.0.1,161,public,local-producer,2025-11-05T10:19:38.646269,1.3.6.1.2.1.6.10.0,16072
localhost,127.0.0.1,161,public,local-producer,2025-11-05T10:19:38.646269,1.3.6.1.2.1.6.11.0,16479
localhost,127.0.0.1,161,public,local-producer,2025-11-05T10:19:38.646269,1.3.6.1.2.1.6.6.0,44
localhost,127.0.0.1,161,public,local-producer,2025-11-05T10:19:38.646269,1.3.6.1.2.1.6.12.0,381
localhost,127.0.0.1,161,public,local-producer,2025-11-05T10:19:38.646269,1.3.6.1.2.1.6.9.0,23
localhost,127.0.0.1,161,public,local-producer,2025-11-05T10:19:38.646269,1.3.6.1.2.1.6.8.0,88
localhost,127.0.0.1,161,public,local-producer,2025-11-05T10:19:38.646269,1.3.6.1.2.1.6.5.0,860
localhost,127.0.0.1,161,public,local-producer,2025-11-05T10:19:38.646269,1.3.6.1.2.1.7.1.0,82311
localhost,127.0.0.1,161,public,local-producer,2025-11-05T10:19:38.646269,1.3.6.1.2.1.7.4.0,17806
localhost,127.0.0.1,161,public,local-producer,2025-11-05T10:19:38.646269,1.3.6.1.2.1.7.3.0,0
localhost,127.0.0.1,161,public,local-producer,2025-11-05T10:19:38.646269,1.3.6.1.2.1.7.2.0,209
localhost,127.0.0.1,161,public,local-producer,2025-11-05T10:19:38.646269,1.3.6.1.2.1.4.3.0,96301
localhost,127.0.0.1,161,public,local-producer,2025-11-05T10:19:38.646269,1.3.6.1.2.1.4.9.0,96403
localhost,127.0.0.1,161,public,local-producer,2025-11-05T10:19:38.646269,1.3.6.1.2.1.4.10.0,33262
localhost,127.0.0.1,161,public,local-producer,2025-11-05T10:19:38.646269,1.3.6.1.2.1.4.11.0,35
localhost,127.0.0.1,161,public,local-producer,2025-11-05T10:19:38.646269,1.3.6.1.2.1.4.8.0,211
localhost,127.0.0.1,161,public,local-producer,2025-11-05T10:19:38.646269,1.3.6.1.2.1.4.6.0,0
localhost,127.0.0.1,161,public,local-producer,2025-11-05T10:19:38.646269,1.3.6.1.2.1.4.12.0,9
localhost,127.0.0.1,161,public,local-producer,2025-11-05T10:19:38.646269,1.3.6.1.2.1.4.5.0,0
localhost,127.0.0.1,161,public,local-producer,2025-11-05T10:19:38.646269,1.3.6.1.2.1.5.1.0,8
localhost,127.0.0.1,161,public,local-producer,2025-11-05T10:19:38.646269,1.3.6.1.2.1.5.3.0,8
localhost,127.0.0.1,161,public,local-producer,2025-11-05T10:19:38.646269,1.3.6.1.2.1.5.14.0,10
localhost,127.0.0.1,161,public,local-producer,2025-11-05T10:19:38.646269,1.3.6.1.2.1.5.23.0,0
localhost,127.0.0.1,161,public,local-producer,2025-11-05T10:19:38.646269,1.3.6.1.2.1.5.8.0,0
localhost,127.0.0.1,161,public,local-producer,2025-11-05T10:19:38.646269,1.3.6.1.2.1.5.21.0,0
localhost,127.0.0.1,161,public,local-producer,2025-11-05T10:19:48.963161,1.3.6.1.2.1.2.2.1.10.11,0
localhost,127.0.0.1,161,public,local-producer,2025-11-05T10:19:48.963161,1.3.6.1.2.1.2.2.1.16.11,0
localhost,127.0.0.1,161,public,local-producer,2025-11-05T10:19:48.963161,1.3.6.1.2.1.2.2.1.19.11,0
localhost,127.0.0.1,161,public,local-producer,2025-11-05T10:19:48.963161,1.3.6.1.2.1.2.2.1.11.11,0
localhost,127.0.0.1,161,public,local-producer,2025-11-05T10:19:48.963161,1.3.6.1.2.1.2.2.1.12.11,0
localhost,127.0.0.1,161,public,local-producer,2025-11-05T10:19:48.963161,1.3.6.1.2.1.2.2.1.13.11,0
localhost,127.0.0.1,161,public,local-producer,2025-11-05T10:19:48.963161,1.3.6.1.2.1.2.2.1.17.11,0
localhost,127.0.0.1,161,public,local-producer,2025-11-05T10:19:48.963161,1.3.6.1.2.1.2.2.1.18.11,0
localhost,127.0.0.1,161,public,local-producer,2025-11-05T10:19:48.963161,1.3.6.1.2.1.6.15.0,313
localhost,127.0.0.1,161,public,local-producer,2025-11-05T10:19:48.963161,1.3.6.1.2.1.6.10.0,16095
localhost,127.0.0.1,161,public,local-producer,2025-11-05T10:19:48.963161,1.3.6.1.2.1.6.11.0,16496
localhost,127.0.0.1,161,public,local-producer,2025-11-05T10:19:48.963161,1.3.6.1.2.1.6.6.0,44
localhost,127.0.0.1,161,public,local-producer,2025-11-05T10:19:48.963161,1.3.6.1.2.1.6.12.0,382
localhost,127.0.0.1,161,public,local-producer,2025-11-05T10:19:48.963161,1.3.6.1.2.1.6.9.0,23
localhost,127.0.0.1,161,public,local-producer,2025-11-05T10:19:48.963161,1.3.6.1.2.1.6.8.0,88
localhost,127.0.0.1,161,public,local-producer,2025-11-05T10:19:48.963161,1.3.6.1.2.1.6.5.0,860
localhost,127.0.0.1,161,public,local-producer,2025-11-05T10:19:48.963161,1.3.6.1.2.1.7.1.0,82340
localhost,127.0.0.1,161,public,local-producer,2025-11-05T10:19:48.963161,1.3.6.1.2.1.7.4.0,17832
localhost,127.0.0.1,161,public,local-producer,2025-11-05T10:19:48.963161,1.3.6.1.2.1.7.3.0,0
localhost,127.0.0.1,161,public,local-producer,2025-11-05T10:19:48.963161,1.3.6.1.2.1.7.2.0,209
localhost,127.0.0.1,161,public,local-producer,2025-11-05T10:19:48.963161,1.3.6.1.2.1.4.3.0,96341
localhost,127.0.0.1,161,public,local-producer,2025-11-05T10:19:48.963161,1.3.6.1.2.1.4.9.0,96441
localhost,127.0.0.1,161,public,local-producer,2025-11-05T10:19:48.963161,1.3.6.1.2.1.4.10.0,33295
localhost,127.0.0.1,161,public,local-producer,2025-11-05T10:19:48.963161,1.3.6.1.2.1.4.11.0,35
localhost,127.0.0.1,161,public,local-producer,2025-11-05T10:19:48.963161,1.3.6.1.2.1.4.8.0,211
localhost,127.0.0.1,161,public,local-producer,2025-11-05T10:19:48.963161,1.3.6.1.2.1.4.6.0,0
localhost,127.0.0.1,161,public,local-producer,2025-11-05T10:19:48.963161,1.3.6.1.2.1.4.12.0,9
localhost,127.0.0.1,161,public,local-producer,2025-11-05T10:19:48.963161,1.3.6.1.2.1.4.5.0,0
localhost,127.0.0.1,161,public,local-producer,2025-11-05T10:19:48.963161,1.3.6.1.2.1.5.1.0,8
localhost,127.0.0.1,161,public,local-producer,2025-11-05T10:19:48.963161,1.3.6.1.2.1.5.3.0,8
localhost,127.0.0.1,161,public,local-producer,2025-11-05T10:19:48.963161,1.3.6.1.2.1.5.14.0,10
localhost,127.0.0.1,161,public,local-producer,2025-11-05T10:19:48.963161,1.3.6.1.2.1.5.23.0,0
localhost,127.0.0.1,161,public,local-producer,2025-11-05T10:19:48.963161,1.3.6.1.2.1.5.8.0,0
localhost,127.0.0.1,161,public,local-producer,2025-11-05T10:19:48.963161,1.3.6.1.2.1.5.21.0,0
localhost,127.0.0.1,161,public,local-producer,2025-11-05T10:19:59.380958,1.3.6.1.2.1.2.2.1.10.11,0
localhost,127.0.0.1,161,public,local-producer,2025-11-05T10:19:59.380958,1.3.6.1.2.1.2.2.1.16.11,0
localhost,127.0.0.1,161,public,local-producer,2025-11-05T10:19:59.380958,1.3.6.1.2.1.2.2.1.19.11,0
localhost,127.0.0.1,161,public,local-producer,2025-11-05T10:19:59.380958,1.3.6.1.2.1.2.2.1.11.11,0
localhost,127.0.0.1,161,public,local-producer,2025-11-05T10:19:59.380958,1.3.6.1.2.1.2.2.1.12.11,0
localhost,127.0.0.1,161,public,local-producer,2025-11-05T10:19:59.380958,1.3.6.1.2.1.2.2.1.13.11,0
localhost,127.0.0.1,161,public,local-producer,2025-11-05T10:19:59.380958,1.3.6.1.2.1.2.2.1.17.11,0
localhost,127.0.0.1,161,public,local-producer,2025-11-05T10:19:59.380958,1.3.6.1.2.1.2.2.1.18.11,0
localhost,127.0.0.1,161,public,local-producer,2025-11-05T10:19:59.380958,1.3.6.1.2.1.6.15.0,314
localhost,127.0.0.1,161,public,local-producer,2025-11-05T10:19:59.380958,1.3.6.1.2.1.6.10.0,16133
localhost,127.0.0.1,161,public,local-producer,2025-11-05T10:19:59.380958,1.3.6.1.2.1.6.11.0,16533
localhost,127.0.0.1,161,public,local-producer,2025-11-05T10:19:59.380958,1.3.6.1.2.1.6.6.0,44
localhost,127.0.0.1,161,public,local-producer,2025-11-05T10:19:59.380958,1.3.6.1.2.1.6.12.0,386
localhost,127.0.0.1,161,public,local-producer,2025-11-05T10:19:59.380958,1.3.6.1.2.1.6.9.0,23
localhost,127.0.0.1,161,public,local-producer,2025-11-05T10:19:59.380958,1.3.6.1.2.1.6.8.0,90
localhost,127.0.0.1,161,public,local-producer,2025-11-05T10:19:59.380958,1.3.6.1.2.1.6.5.0,862
localhost,127.0.0.1,161,public,local-producer,2025-11-05T10:19:59.380958,1.3.6.1.2.1.7.1.0,82364
localhost,127.0.0.1,161,public,local-producer,2025-11-05T10:19:59.380958,1.3.6.1.2.1.7.4.0,17844
localhost,127.0.0.1,161,public,local-producer,2025-11-05T10:19:59.380958,1.3.6.1.2.1.7.3.0,0
localhost,127.0.0.1,161,public,local-producer,2025-11-05T10:19:59.380958,1.3.6.1.2.1.7.2.0,209
localhost,127.0.0.1,161,public,local-producer,2025-11-05T10:19:59.380958,1.3.6.1.2.1.4.3.0,96389
localhost,127.0.0.1,161,public,local-producer,2025-11-05T10:19:59.380958,1.3.6.1.2.1.4.9.0,96485
localhost,127.0.0.1,161,public,local-producer,2025-11-05T10:19:59.380958,1.3.6.1.2.1.4.10.0,33343
localhost,127.0.0.1,161,public,local-producer,2025-11-05T10:19:59.380958,1.3.6.1.2.1.4.11.0,35
localhost,127.0.0.1,161,public,local-producer,2025-11-05T10:19:59.380958,1.3.6.1.2.1.4.8.0,211
localhost,127.0.0.1,161,public,local-producer,2025-11-05T10:19:59.380958,1.3.6.1.2.1.4.6.0,0
localhost,127.0.0.1,161,public,local-producer,2025-11-05T10:19:59.380958,1.3.6.1.2.1.4.12.0,9
localhost,127.0.0.1,161,public,local-producer,2025-11-05T10:19:59.380958,1.3.6.1.2.1.4.5.0,0
localhost,127.0.0.1,161,public,local-producer,2025-11-05T10:19:59.380958,1.3.6.1.2.1.5.1.0,8
localhost,127.0.0.1,161,public,local-producer,2025-11-05T10:19:59.380958,1.3.6.1.2.1.5.3.0,8
localhost,127.0.0.1,161,public,local-producer,2025-11-05T10:19:59.380958,1.3.6.1.2.1.5.14.0,10
localhost,127.0.0.1,161,public,local-producer,2025-11-05T10:19:59.380958,1.3.6.1.2.1.5.23.0,0
localhost,127.0.0.1,161,public,local-producer,2025-11-05T10:19:59.380958,1.3.6.1.2.1.5.8.0,0
localhost,127.0.0.1,161,public,local-producer,2025-11-05T10:19:59.380958,1.3.6.1.2.1.5.21.0,0
localhost,127.0.0.1,161,public,local-producer,2025-11-05T10:20:09.574465,1.3.6.1.2.1.2.2.1.10.11,0
localhost,127.0.0.1,161,public,local-producer,2025-11-05T10:20:09.574465,1.3.6.1.2.1.2.2.1.16.11,0
localhost,127.0.0.1,161,public,local-producer,2025-11-05T10:20:09.574465,1.3.6.1.2.1.2.2.1.19.11,0
localhost,127.0.0.1,161,public,local-producer,2025-11-05T10:20:09.574465,1.3.6.1.2.1.2.2.1.11.11,0
localhost,127.0.0.1,161,public,local-producer,2025-11-05T10:20:09.574465,1.3.6.1.2.1.2.2.1.12.11,0
localhost,127.0.0.1,161,public,local-producer,2025-11-05T10:20:09.574465,1.3.6.1.2.1.2.2.1.13.11,0
localhost,127.0.0.1,161,public,local-producer,2025-11-05T10:20:09.574465,1.3.6.1.2.1.2.2.1.17.11,0
localhost,127.0.0.1,161,public,local-producer,2025-11-05T10:20:09.574465,1.3.6.1.2.1.2.2.1.18.11,0
localhost,127.0.0.1,161,public,local-producer,2025-11-05T10:20:09.574465,1.3.6.1.2.1.6.15.0,316
localhost,127.0.0.1,161,public,local-producer,2025-11-05T10:20:09.574465,1.3.6.1.2.1.6.10.0,16164
localhost,127.0.0.1,161,public,local-producer,2025-11-05T10:20:09.574465,1.3.6.1.2.1.6.11.0,16557
localhost,127.0.0.1,161,public,local-producer,2025-11-05T10:20:09.574465,1.3.6.1.2.1.6.6.0,44
localhost,127.0.0.1,161,public,local-producer,2025-11-05T10:20:09.574465,1.3.6.1.2.1.6.12.0,386
localhost,127.0.0.1,161,public,local-producer,2025-11-05T10:20:09.574465,1.3.6.1.2.1.6.9.0,23
localhost,127.0.0.1,161,public,local-producer,2025-11-05T10:20:09.574465,1.3.6.1.2.1.6.8.0,90
localhost,127.0.0.1,161,public,local-producer,2025-11-05T10:20:09.574465,1.3.6.1.2.1.6.5.0,865
localhost,127.0.0.1,161,public,local-producer,2025-11-05T10:20:09.574465,1.3.6.1.2.1.7.1.0,82366
localhost,127.0.0.1,161,public,local-producer,2025-11-05T10:20:09.574465,1.3.6.1.2.1.7.4.0,17846
localhost,127.0.0.1,161,public,local-producer,2025-11-05T10:20:09.574465,1.3.6.1.2.1.7.3.0,0
localhost,127.0.0.1,161,public,local-producer,2025-11-05T10:20:09.574465,1.3.6.1.2.1.7.2.0,209
localhost,127.0.0.1,161,public,local-producer,2025-11-05T10:20:09.574465,1.3.6.1.2.1.4.3.0,96416
localhost,127.0.0.1,161,public,local-producer,2025-11-05T10:20:09.574465,1.3.6.1.2.1.4.9.0,96510
localhost,127.0.0.1,161,public,local-producer,2025-11-05T10:20:09.574465,1.3.6.1.2.1.4.10.0,33365
localhost,127.0.0.1,161,public,local-producer,2025-11-05T10:20:09.574465,1.3.6.1.2.1.4.11.0,35
localhost,127.0.0.1,161,public,local-producer,2025-11-05T10:20:09.574465,1.3.6.1.2.1.4.8.0,211
localhost,127.0.0.1,161,public,local-producer,2025-11-05T10:20:09.574465,1.3.6.1.2.1.4.6.0,0
localhost,127.0.0.1,161,public,local-producer,2025-11-05T10:20:09.574465,1.3.6.1.2.1.4.12.0,9
localhost,127.0.0.1,161,public,local-producer,2025-11-05T10:20:09.574465,1.3.6.1.2.1.4.5.0,0
localhost,127.0.0.1,161,public,local-producer,2025-11-05T10:20:09.574465,1.3.6.1.2.1.5.1.0,8
localhost,127.0.0.1,161,public,local-producer,2025-11-05T10:20:09.574465,1.3.6.1.2.1.5.3.0,8
localhost,127.0.0.1,161,public,local-producer,2025-11-05T10:20:09.574465,1.3.6.1.2.1.5.14.0,10
localhost,127.0.0.1,161,public,local-producer,2025-11-05T10:20:09.574465,1.3.6.1.2.1.5.23.0,0
localhost,127.0.0.1,161,public,local-producer,2025-11-05T10:20:09.574465,1.3.6.1.2.1.5.8.0,0
localhost,127.0.0.1,161,public,local-producer,2025-11-05T10:20:09.574465,1.3.6.1.2.1.5.21.0,0
localhost,127.0.0.1,161,public,local-producer,2025-11-05T10:20:19.791910,1.3.6.1.2.1.2.2.1.10.11,0
localhost,127.0.0.1,161,public,local-producer,2025-11-05T10:20:19.791910,1.3.6.1.2.1.2.2.1.16.11,0
localhost,127.0.0.1,161,public,local-producer,2025-11-05T10:20:19.791910,1.3.6.1.2.1.2.2.1.19.11,0
localhost,127.0.0.1,161,public,local-producer,2025-11-05T10:20:19.791910,1.3.6.1.2.1.2.2.1.11.11,0
localhost,127.0.0.1,161,public,local-producer,2025-11-05T10:20:19.791910,1.3.6.1.2.1.2.2.1.12.11,0
localhost,127.0.0.1,161,public,local-producer,2025-11-05T10:20:19.791910,1.3.6.1.2.1.2.2.1.13.11,0
localhost,127.0.0.1,161,public,local-producer,2025-11-05T10:20:19.791910,1.3.6.1.2.1.2.2.1.17.11,0
localhost,127.0.0.1,161,public,local-producer,2025-11-05T10:20:19.791910,1.3.6.1.2.1.2.2.1.18.11,0
localhost,127.0.0.1,161,public,local-producer,2025-11-05T10:20:19.791910,1.3.6.1.2.1.6.15.0,317
localhost,127.0.0.1,161,public,local-producer,2025-11-05T10:20:19.791910,1.3.6.1.2.1.6.10.0,16189
localhost,127.0.0.1,161,public,local-producer,2025-11-05T10:20:19.791910,1.3.6.1.2.1.6.11.0,16590
localhost,127.0.0.1,161,public,local-producer,2025-11-05T10:20:19.791910,1.3.6.1.2.1.6.6.0,44
localhost,127.0.0.1,161,public,local-producer,2025-11-05T10:20:19.791910,1.3.6.1.2.1.6.12.0,386
localhost,127.0.0.1,161,public,local-producer,2025-11-05T10:20:19.791910,1.3.6.1.2.1.6.9.0,23
localhost,127.0.0.1,161,public,local-producer,2025-11-05T10:20:19.791910,1.3.6.1.2.1.6.8.0,90
localhost,127.0.0.1,161,public,local-producer,2025-11-05T10:20:19.791910,1.3.6.1.2.1.6.5.0,866
localhost,127.0.0.1,161,public,local-producer,2025-11-05T10:20:19.791910,1.3.6.1.2.1.7.1.0,82368
localhost,127.0.0.1,161,public,local-producer,2025-11-05T10:20:19.791910,1.3.6.1.2.1.7.4.0,17848
localhost,127.0.0.1,161,public,local-producer,2025-11-05T10:20:19.791910,1.3.6.1.2.1.7.3.0,0
localhost,127.0.0.1,161,public,local-producer,2025-11-05T10:20:19.791910,1.3.6.1.2.1.7.2.0,209
localhost,127.0.0.1,161,public,local-producer,2025-11-05T10:20:19.791910,1.3.6.1.2.1.4.3.0,96437
localhost,127.0.0.1,161,public,local-producer,2025-11-05T10:20:19.791910,1.3.6.1.2.1.4.9.0,96529
localhost,127.0.0.1,161,public,local-producer,2025-11-05T10:20:19.791910,1.3.6.1.2.1.4.10.0,33395
localhost,127.0.0.1,161,public,local-producer,2025-11-05T10:20:19.791910,1.3.6.1.2.1.4.11.0,35
localhost,127.0.0.1,161,public,local-producer,2025-11-05T10:20:19.791910,1.3.6.1.2.1.4.8.0,211
localhost,127.0.0.1,161,public,local-producer,2025-11-05T10:20:19.791910,1.3.6.1.2.1.4.6.0,0
localhost,127.0.0.1,161,public,local-producer,2025-11-05T10:20:19.791910,1.3.6.1.2.1.4.12.0,9
localhost,127.0.0.1,161,public,local-producer,2025-11-05T10:20:19.791910,1.3.6.1.2.1.4.5.0,0
localhost,127.0.0.1,161,public,local-producer,2025-11-05T10:20:19.791910,1.3.6.1.2.1.5.1.0,8
localhost,127.0.0.1,161,public,local-producer,2025-11-05T10:20:19.791910,1.3.6.1.2.1.5.3.0,8
localhost,127.0.0.1,161,public,local-producer,2025-11-05T10:20:19.791910,1.3.6.1.2.1.5.14.0,10
localhost,127.0.0.1,161,public,local-producer,2025-11-05T10:20:19.791910,1.3.6.1.2.1.5.23.0,0
localhost,127.0.0.1,161,public,local-producer,2025-11-05T10:20:19.791910,1.3.6.1.2.1.5.8.0,0
localhost,127.0.0.1,161,public,local-producer,2025-11-05T10:20:19.791910,1.3.6.1.2.1.5.21.0,0
localhost,127.0.0.1,161,public,local-producer,2025-11-05T10:20:30.056561,1.3.6.1.2.1.2.2.1.10.11,0
localhost,127.0.0.1,161,public,local-producer,2025-11-05T10:20:30.056561,1.3.6.1.2.1.2.2.1.16.11,0
localhost,127.0.0.1,161,public,local-producer,2025-11-05T10:20:30.056561,1.3.6.1.2.1.2.2.1.19.11,0
localhost,127.0.0.1,161,public,local-producer,2025-11-05T10:20:30.056561,1.3.6.1.2.1.2.2.1.11.11,0
localhost,127.0.0.1,161,public,local-producer,2025-11-05T10:20:30.056561,1.3.6.1.2.1.2.2.1.12.11,0
localhost,127.0.0.1,161,public,local-producer,2025-11-05T10:20:30.056561,1.3.6.1.2.1.2.2.1.13.11,0
localhost,127.0.0.1,161,public,local-producer,2025-11-05T10:20:30.056561,1.3.6.1.2.1.2.2.1.17.11,0
localhost,127.0.0.1,161,public,local-producer,2025-11-05T10:20:30.056561,1.3.6.1.2.1.2.2.1.18.11,0
localhost,127.0.0.1,161,public,local-producer,2025-11-05T10:20:30.056561,1.3.6.1.2.1.6.15.0,317
localhost,127.0.0.1,161,public,local-producer,2025-11-05T10:20:30.056561,1.3.6.1.2.1.6.10.0,16203
localhost,127.0.0.1,161,public,local-producer,2025-11-05T10:20:30.056561,1.3.6.1.2.1.6.11.0,16605
localhost,127.0.0.1,161,public,local-producer,2025-11-05T10:20:30.056561,1.3.6.1.2.1.6.6.0,44
localhost,127.0.0.1,161,public,local-producer,2025-11-05T10:20:30.056561,1.3.6.1.2.1.6.12.0,386
localhost,127.0.0.1,161,public,local-producer,2025-11-05T10:20:30.056561,1.3.6.1.2.1.6.9.0,24
localhost,127.0.0.1,161,public,local-producer,2025-11-05T10:20:30.056561,1.3.6.1.2.1.6.8.0,90
localhost,127.0.0.1,161,public,local-producer,2025-11-05T10:20:30.056561,1.3.6.1.2.1.6.5.0,867
localhost,127.0.0.1,161,public,local-producer,2025-11-05T10:20:30.056561,1.3.6.1.2.1.7.1.0,82374
localhost,127.0.0.1,161,public,local-producer,2025-11-05T10:20:30.056561,1.3.6.1.2.1.7.4.0,17850
localhost,127.0.0.1,161,public,local-producer,2025-11-05T10:20:30.056561,1.3.6.1.2.1.7.3.0,0
localhost,127.0.0.1,161,public,local-producer,2025-11-05T10:20:30.056561,1.3.6.1.2.1.7.2.0,209
localhost,127.0.0.1,161,public,local-producer,2025-11-05T10:20:30.056561,1.3.6.1.2.1.4.3.0,96450
localhost,127.0.0.1,161,public,local-producer,2025-11-05T10:20:30.056561,1.3.6.1.2.1.4.9.0,96538
localhost,127.0.0.1,161,public,local-producer,2025-11-05T10:20:30.056561,1.3.6.1.2.1.4.10.0,33408
localhost,127.0.0.1,161,public,local-producer,2025-11-05T10:20:30.056561,1.3.6.1.2.1.4.11.0,35
localhost,127.0.0.1,161,public,local-producer,2025-11-05T10:20:30.056561,1.3.6.1.2.1.4.8.0,211
localhost,127.0.0.1,161,public,local-producer,2025-11-05T10:20:30.056561,1.3.6.1.2.1.4.6.0,0
localhost,127.0.0.1,161,public,local-producer,2025-11-05T10:20:30.056561,1.3.6.1.2.1.4.12.0,9
localhost,127.0.0.1,161,public,local-producer,2025-11-05T10:20:30.056561,1.3.6.1.2.1.4.5.0,0
localhost,127.0.0.1,161,public,local-producer,2025-11-05T10:20:30.056561,1.3.6.1.2.1.5.1.0,8
localhost,127.0.0.1,161,public,local-producer,2025-11-05T10:20:30.056561,1.3.6.1.2.1.5.3.0,8
localhost,127.0.0.1,161,public,local-producer,2025-11-05T10:20:30.056561,1.3.6.1.2.1.5.14.0,10
localhost,127.0.0.1,161,public,local-producer,2025-11-05T10:20:30.056561,1.3.6.1.2.1.5.23.0,0
localhost,127.0.0.1,161,public,local-producer,2025-11-05T10:20:30.056561,1.3.6.1.2.1.5.8.0,0
localhost,127.0.0.1,161,public,local-producer,2025-11-05T10:20:30.056561,1.3.6.1.2.1.5.21.0,0
localhost,127.0.0.1,161,public,local-producer,2025-11-05T10:20:40.416013,1.3.6.1.2.1.2.2.1.10.11,0
localhost,127.0.0.1,161,public,local-producer,2025-11-05T10:20:40.416013,1.3.6.1.2.1.2.2.1.16.11,0
localhost,127.0.0.1,161,public,local-producer,2025-11-05T10:20:40.416013,1.3.6.1.2.1.2.2.1.19.11,0
localhost,127.0.0.1,161,public,local-producer,2025-11-05T10:20:40.416013,1.3.6.1.2.1.2.2.1.11.11,0
localhost,127.0.0.1,161,public,local-producer,2025-11-05T10:20:40.416013,1.3.6.1.2.1.2.2.1.12.11,0
localhost,127.0.0.1,161,public,local-producer,2025-11-05T10:20:40.416013,1.3.6.1.2.1.2.2.1.13.11,0
localhost,127.0.0.1,161,public,local-producer,2025-11-05T10:20:40.416013,1.3.6.1.2.1.2.2.1.17.11,0
localhost,127.0.0.1,161,public,local-producer,2025-11-05T10:20:40.416013,1.3.6.1.2.1.2.2.1.18.11,0
localhost,127.0.0.1,161,public,local-producer,2025-11-05T10:20:40.416013,1.3.6.1.2.1.6.15.0,325
localhost,127.0.0.1,161,public,local-producer,2025-11-05T10:20:40.416013,1.3.6.1.2.1.6.10.0,16382
localhost,127.0.0.1,161,public,local-producer,2025-11-05T10:20:40.416013,1.3.6.1.2.1.6.11.0,16773
localhost,127.0.0.1,161,public,local-producer,2025-11-05T10:20:40.416013,1.3.6.1.2.1.6.6.0,49
localhost,127.0.0.1,161,public,local-producer,2025-11-05T10:20:40.416013,1.3.6.1.2.1.6.12.0,389
localhost,127.0.0.1,161,public,local-producer,2025-11-05T10:20:40.416013,1.3.6.1.2.1.6.9.0,23
localhost,127.0.0.1,161,public,local-producer,2025-11-05T10:20:40.416013,1.3.6.1.2.1.6.8.0,94
localhost,127.0.0.1,161,public,local-producer,2025-11-05T10:20:40.416013,1.3.6.1.2.1.6.5.0,877
localhost,127.0.0.1,161,public,local-producer,2025-11-05T10:20:40.416013,1.3.6.1.2.1.7.1.0,82401
localhost,127.0.0.1,161,public,local-producer,2025-11-05T10:20:40.416013,1.3.6.1.2.1.7.4.0,17875
localhost,127.0.0.1,161,public,local-producer,2025-11-05T10:20:40.416013,1.3.6.1.2.1.7.3.0,0
localhost,127.0.0.1,161,public,local-producer,2025-11-05T10:20:40.416013,1.3.6.1.2.1.7.2.0,209
localhost,127.0.0.1,161,public,local-producer,2025-11-05T10:20:40.416013,1.3.6.1.2.1.4.3.0,96590
localhost,127.0.0.1,161,public,local-producer,2025-11-05T10:20:40.416013,1.3.6.1.2.1.4.9.0,96674
localhost,127.0.0.1,161,public,local-producer,2025-11-05T10:20:40.416013,1.3.6.1.2.1.4.10.0,33532
localhost,127.0.0.1,161,public,local-producer,2025-11-05T10:20:40.416013,1.3.6.1.2.1.4.11.0,35
localhost,127.0.0.1,161,public,local-producer,2025-11-05T10:20:40.416013,1.3.6.1.2.1.4.8.0,211
localhost,127.0.0.1,161,public,local-producer,2025-11-05T10:20:40.416013,1.3.6.1.2.1.4.6.0,0
localhost,127.0.0.1,161,public,local-producer,2025-11-05T10:20:40.416013,1.3.6.1.2.1.4.12.0,9
localhost,127.0.0.1,161,public,local-producer,2025-11-05T10:20:40.416013,1.3.6.1.2.1.4.5.0,0
localhost,127.0.0.1,161,public,local-producer,2025-11-05T10:20:40.416013,1.3.6.1.2.1.5.1.0,8
localhost,127.0.0.1,161,public,local-producer,2025-11-05T10:20:40.416013,1.3.6.1.2.1.5.3.0,8
localhost,127.0.0.1,161,public,local-producer,2025-11-05T10:20:40.416013,1.3.6.1.2.1.5.14.0,10
localhost,127.0.0.1,161,public,local-producer,2025-11-05T10:20:40.416013,1.3.6.1.2.1.5.23.0,0
localhost,127.0.0.1,161,public,local-producer,2025-11-05T10:20:40.416013,1.3.6.1.2.1.5.8.0,0
localhost,127.0.0.1,161,public,local-producer,2025-11-05T10:20:40.416013,1.3.6.1.2.1.5.21.0,0
localhost,127.0.0.1,161,public,local-producer,2025-11-05T10:20:50.631629,1.3.6.1.2.1.2.2.1.10.11,0
localhost,127.0.0.1,161,public,local-producer,2025-11-05T10:20:50.631629,1.3.6.1.2.1.2.2.1.16.11,0
localhost,127.0.0.1,161,public,local-producer,2025-11-05T10:20:50.631629,1.3.6.1.2.1.2.2.1.19.11,0
localhost,127.0.0.1,161,public,local-producer,2025-11-05T10:20:50.631629,1.3.6.1.2.1.2.2.1.11.11,0
localhost,127.0.0.1,161,public,local-producer,2025-11-05T10:20:50.631629,1.3.6.1.2.1.2.2.1.12.11,0
localhost,127.0.0.1,161,public,local-producer,2025-11-05T10:20:50.631629,1.3.6.1.2.1.2.2.1.13.11,0
localhost,127.0.0.1,161,public,local-producer,2025-11-05T10:20:50.631629,1.3.6.1.2.1.2.2.1.17.11,0
localhost,127.0.0.1,161,public,local-producer,2025-11-05T10:20:50.631629,1.3.6.1.2.1.2.2.1.18.11,0
localhost,127.0.0.1,161,public,local-producer,2025-11-05T10:20:50.631629,1.3.6.1.2.1.6.15.0,325
localhost,127.0.0.1,161,public,local-producer,2025-11-05T10:20:50.631629,1.3.6.1.2.1.6.10.0,16516
localhost,127.0.0.1,161,public,local-producer,2025-11-05T10:20:50.631629,1.3.6.1.2.1.6.11.0,16911
localhost,127.0.0.1,161,public,local-producer,2025-11-05T10:20:50.631629,1.3.6.1.2.1.6.6.0,53
localhost,127.0.0.1,161,public,local-producer,2025-11-05T10:20:50.631629,1.3.6.1.2.1.6.12.0,390
localhost,127.0.0.1,161,public,local-producer,2025-11-05T10:20:50.631629,1.3.6.1.2.1.6.9.0,30
localhost,127.0.0.1,161,public,local-producer,2025-11-05T10:20:50.631629,1.3.6.1.2.1.6.8.0,94
localhost,127.0.0.1,161,public,local-producer,2025-11-05T10:20:50.631629,1.3.6.1.2.1.6.5.0,883
localhost,127.0.0.1,161,public,local-producer,2025-11-05T10:20:50.631629,1.3.6.1.2.1.7.1.0,82413
localhost,127.0.0.1,161,public,local-producer,2025-11-05T10:20:50.631629,1.3.6.1.2.1.7.4.0,17885
localhost,127.0.0.1,161,public,local-producer,2025-11-05T10:20:50.631629,1.3.6.1.2.1.7.3.0,0
localhost,127.0.0.1,161,public,local-producer,2025-11-05T10:20:50.631629,1.3.6.1.2.1.7.2.0,209
localhost,127.0.0.1,161,public,local-producer,2025-11-05T10:20:50.631629,1.3.6.1.2.1.4.3.0,96636
localhost,127.0.0.1,161,public,local-producer,2025-11-05T10:20:50.631629,1.3.6.1.2.1.4.9.0,96718
localhost,127.0.0.1,161,public,local-producer,2025-11-05T10:20:50.631629,1.3.6.1.2.1.4.10.0,33585
localhost,127.0.0.1,161,public,local-producer,2025-11-05T10:20:50.631629,1.3.6.1.2.1.4.11.0,35
localhost,127.0.0.1,161,public,local-producer,2025-11-05T10:20:50.631629,1.3.6.1.2.1.4.8.0,211
localhost,127.0.0.1,161,public,local-producer,2025-11-05T10:20:50.631629,1.3.6.1.2.1.4.6.0,0
localhost,127.0.0.1,161,public,local-producer,2025-11-05T10:20:50.631629,1.3.6.1.2.1.4.12.0,9
localhost,127.0.0.1,161,public,local-producer,2025-11-05T10:20:50.631629,1.3.6.1.2.1.4.5.0,0
localhost,127.0.0.1,161,public,local-producer,2025-11-05T10:20:50.631629,1.3.6.1.2.1.5.1.0,8
localhost,127.0.0.1,161,public,local-producer,2025-11-05T10:20:50.631629,1.3.6.1.2.1.5.3.0,8
localhost,127.0.0.1,161,public,local-producer,2025-11-05T10:20:50.631629,1.3.6.1.2.1.5.14.0,10
localhost,127.0.0.1,161,public,local-producer,2025-11-05T10:20:50.631629,1.3.6.1.2.1.5.23.0,0
localhost,127.0.0.1,161,public,local-producer,2025-11-05T10:20:50.631629,1.3.6.1.2.1.5.8.0,0
localhost,127.0.0.1,161,public,local-producer,2025-11-05T10:20:50.631629,1.3.6.1.2.1.5.21.0,0
localhost,127.0.0.1,161,public,local-producer,2025-11-05T10:21:01.078224,1.3.6.1.2.1.2.2.1.10.11,0
localhost,127.0.0.1,161,public,local-producer,2025-11-05T10:21:01.078224,1.3.6.1.2.1.2.2.1.16.11,0
localhost,127.0.0.1,161,public,local-producer,2025-11-05T10:21:01.078224,1.3.6.1.2.1.2.2.1.19.11,0
localhost,127.0.0.1,161,public,local-producer,2025-11-05T10:21:01.078224,1.3.6.1.2.1.2.2.1.11.11,0
localhost,127.0.0.1,161,public,local-producer,2025-11-05T10:21:01.078224,1.3.6.1.2.1.2.2.1.12.11,0
localhost,127.0.0.1,161,public,local-producer,2025-11-05T10:21:01.078224,1.3.6.1.2.1.2.2.1.13.11,0
localhost,127.0.0.1,161,public,local-producer,2025-11-05T10:21:01.078224,1.3.6.1.2.1.2.2.1.17.11,0
localhost,127.0.0.1,161,public,local-producer,2025-11-05T10:21:01.078224,1.3.6.1.2.1.2.2.1.18.11,0
localhost,127.0.0.1,161,public,local-producer,2025-11-05T10:21:01.078224,1.3.6.1.2.1.6.15.0,326
localhost,127.0.0.1,161,public,local-producer,2025-11-05T10:21:01.078224,1.3.6.1.2.1.6.10.0,16640
localhost,127.0.0.1,161,public,local-producer,2025-11-05T10:21:01.078224,1.3.6.1.2.1.6.11.0,17036
localhost,127.0.0.1,161,public,local-producer,2025-11-05T10:21:01.078224,1.3.6.1.2.1.6.6.0,53
localhost,127.0.0.1,161,public,local-producer,2025-11-05T10:21:01.078224,1.3.6.1.2.1.6.12.0,391
localhost,127.0.0.1,161,public,local-producer,2025-11-05T10:21:01.078224,1.3.6.1.2.1.6.9.0,26
localhost,127.0.0.1,161,public,local-producer,2025-11-05T10:21:01.078224,1.3.6.1.2.1.6.8.0,97
localhost,127.0.0.1,161,public,local-producer,2025-11-05T10:21:01.078224,1.3.6.1.2.1.6.5.0,888
localhost,127.0.0.1,161,public,local-producer,2025-11-05T10:21:01.078224,1.3.6.1.2.1.7.1.0,82481
localhost,127.0.0.1,161,public,local-producer,2025-11-05T10:21:01.078224,1.3.6.1.2.1.7.4.0,17931
localhost,127.0.0.1,161,public,local-producer,2025-11-05T10:21:01.078224,1.3.6.1.2.1.7.3.0,0
localhost,127.0.0.1,161,public,local-producer,2025-11-05T10:21:01.078224,1.3.6.1.2.1.7.2.0,209
localhost,127.0.0.1,161,public,local-producer,2025-11-05T10:21:01.078224,1.3.6.1.2.1.4.3.0,96761
localhost,127.0.0.1,161,public,local-producer,2025-11-05T10:21:01.078224,1.3.6.1.2.1.4.9.0,96839
localhost,127.0.0.1,161,public,local-producer,2025-11-05T10:21:01.078224,1.3.6.1.2.1.4.10.0,33706
localhost,127.0.0.1,161,public,local-producer,2025-11-05T10:21:01.078224,1.3.6.1.2.1.4.11.0,35
localhost,127.0.0.1,161,public,local-producer,2025-11-05T10:21:01.078224,1.3.6.1.2.1.4.8.0,211
localhost,127.0.0.1,161,public,local-producer,2025-11-05T10:21:01.078224,1.3.6.1.2.1.4.6.0,0
localhost,127.0.0.1,161,public,local-producer,2025-11-05T10:21:01.078224,1.3.6.1.2.1.4.12.0,9
localhost,127.0.0.1,161,public,local-producer,2025-11-05T10:21:01.078224,1.3.6.1.2.1.4.5.0,0
localhost,127.0.0.1,161,public,local-producer,2025-11-05T10:21:01.078224,1.3.6.1.2.1.5.1.0,8
localhost,127.0.0.1,161,public,local-producer,2025-11-05T10:21:01.078224,1.3.6.1.2.1.5.3.0,8
localhost,127.0.0.1,161,public,local-producer,2025-11-05T10:21:01.078224,1.3.6.1.2.1.5.14.0,10
localhost,127.0.0.1,161,public,local-producer,2025-11-05T10:21:01.078224,1.3.6.1.2.1.5.23.0,0
localhost,127.0.0.1,161,public,local-producer,2025-11-05T10:21:01.078224,1.3.6.1.2.1.5.8.0,0
localhost,127.0.0.1,161,public,local-producer,2025-11-05T10:21:01.078224,1.3.6.1.2.1.5.21.0,0
localhost,127.0.0.1,161,public,local-producer,2025-11-05T10:21:11.381661,1.3.6.1.2.1.2.2.1.10.11,0
localhost,127.0.0.1,161,public,local-producer,2025-11-05T10:21:11.381661,1.3.6.1.2.1.2.2.1.16.11,0
localhost,127.0.0.1,161,public,local-producer,2025-11-05T10:21:11.381661,1.3.6.1.2.1.2.2.1.19.11,0
localhost,127.0.0.1,161,public,local-producer,2025-11-05T10:21:11.381661,1.3.6.1.2.1.2.2.1.11.11,0
localhost,127.0.0.1,161,public,local-producer,2025-11-05T10:21:11.381661,1.3.6.1.2.1.2.2.1.12.11,0
localhost,127.0.0.1,161,public,local-producer,2025-11-05T10:21:11.381661,1.3.6.1.2.1.2.2.1.13.11,0
localhost,127.0.0.1,161,public,local-producer,2025-11-05T10:21:11.381661,1.3.6.1.2.1.2.2.1.17.11,0
localhost,127.0.0.1,161,public,local-producer,2025-11-05T10:21:11.381661,1.3.6.1.2.1.2.2.1.18.11,0
localhost,127.0.0.1,161,public,local-producer,2025-11-05T10:21:11.381661,1.3.6.1.2.1.6.15.0,328
localhost,127.0.0.1,161,public,local-producer,2025-11-05T10:21:11.381661,1.3.6.1.2.1.6.10.0,16742
localhost,127.0.0.1,161,public,local-producer,2025-11-05T10:21:11.381661,1.3.6.1.2.1.6.11.0,17136
localhost,127.0.0.1,161,public,local-producer,2025-11-05T10:21:11.381661,1.3.6.1.2.1.6.6.0,54
localhost,127.0.0.1,161,public,local-producer,2025-11-05T10:21:11.381661,1.3.6.1.2.1.6.12.0,392
localhost,127.0.0.1,161,public,local-producer,2025-11-05T10:21:11.381661,1.3.6.1.2.1.6.9.0,29
localhost,127.0.0.1,161,public,local-producer,2025-11-05T10:21:11.381661,1.3.6.1.2.1.6.8.0,99
localhost,127.0.0.1,161,public,local-producer,2025-11-05T10:21:11.381661,1.3.6.1.2.1.6.5.0,893
localhost,127.0.0.1,161,public,local-producer,2025-11-05T10:21:11.381661,1.3.6.1.2.1.7.1.0,82492
localhost,127.0.0.1,161,public,local-producer,2025-11-05T10:21:11.381661,1.3.6.1.2.1.7.4.0,17940
localhost,127.0.0.1,161,public,local-producer,2025-11-05T10:21:11.381661,1.3.6.1.2.1.7.3.0,0
localhost,127.0.0.1,161,public,local-producer,2025-11-05T10:21:11.381661,1.3.6.1.2.1.7.2.0,209
localhost,127.0.0.1,161,public,local-producer,2025-11-05T10:21:11.381661,1.3.6.1.2.1.4.3.0,96832
localhost,127.0.0.1,161,public,local-producer,2025-11-05T10:21:11.381661,1.3.6.1.2.1.4.9.0,96905
localhost,127.0.0.1,161,public,local-producer,2025-11-05T10:21:11.381661,1.3.6.1.2.1.4.10.0,33773
localhost,127.0.0.1,161,public,local-producer,2025-11-05T10:21:11.381661,1.3.6.1.2.1.4.11.0,35
localhost,127.0.0.1,161,public,local-producer,2025-11-05T10:21:11.381661,1.3.6.1.2.1.4.8.0,211
localhost,127.0.0.1,161,public,local-producer,2025-11-05T10:21:11.381661,1.3.6.1.2.1.4.6.0,0
localhost,127.0.0.1,161,public,local-producer,2025-11-05T10:21:11.381661,1.3.6.1.2.1.4.12.0,9
localhost,127.0.0.1,161,public,local-producer,2025-11-05T10:21:11.381661,1.3.6.1.2.1.4.5.0,0
localhost,127.0.0.1,161,public,local-producer,2025-11-05T10:21:11.381661,1.3.6.1.2.1.5.1.0,8
localhost,127.0.0.1,161,public,local-producer,2025-11-05T10:21:11.381661,1.3.6.1.2.1.5.3.0,8
localhost,127.0.0.1,161,public,local-producer,2025-11-05T10:21:11.381661,1.3.6.1.2.1.5.14.0,10
localhost,127.0.0.1,161,public,local-producer,2025-11-05T10:21:11.381661,1.3.6.1.2.1.5.23.0,0
localhost,127.0.0.1,161,public,local-producer,2025-11-05T10:21:11.381661,1.3.6.1.2.1.5.8.0,0
localhost,127.0.0.1,161,public,local-producer,2025-11-05T10:21:11.381661,1.3.6.1.2.1.5.21.0,0
localhost,127.0.0.1,161,public,local-producer,2025-11-05T10:21:21.719078,1.3.6.1.2.1.2.2.1.10.11,0
localhost,127.0.0.1,161,public,local-producer,2025-11-05T10:21:21.719078,1.3.6.1.2.1.2.2.1.16.11,0
localhost,127.0.0.1,161,public,local-producer,2025-11-05T10:21:21.719078,1.3.6.1.2.1.2.2.1.19.11,0
localhost,127.0.0.1,161,public,local-producer,2025-11-05T10:21:21.719078,1.3.6.1.2.1.2.2.1.11.11,0
localhost,127.0.0.1,161,public,local-producer,2025-11-05T10:21:21.719078,1.3.6.1.2.1.2.2.1.12.11,0
localhost,127.0.0.1,161,public,local-producer,2025-11-05T10:21:21.719078,1.3.6.1.2.1.2.2.1.13.11,0
localhost,127.0.0.1,161,public,local-producer,2025-11-05T10:21:21.719078,1.3.6.1.2.1.2.2.1.17.11,0
localhost,127.0.0.1,161,public,local-producer,2025-11-05T10:21:21.719078,1.3.6.1.2.1.2.2.1.18.11,0
localhost,127.0.0.1,161,public,local-producer,2025-11-05T10:21:21.719078,1.3.6.1.2.1.6.15.0,328
localhost,127.0.0.1,161,public,local-producer,2025-11-05T10:21:21.719078,1.3.6.1.2.1.6.10.0,16777
localhost,127.0.0.1,161,public,local-producer,2025-11-05T10:21:21.719078,1.3.6.1.2.1.6.11.0,17176
localhost,127.0.0.1,161,public,local-producer,2025-11-05T10:21:21.719078,1.3.6.1.2.1.6.6.0,54
localhost,127.0.0.1,161,public,local-producer,2025-11-05T10:21:21.719078,1.3.6.1.2.1.6.12.0,394
localhost,127.0.0.1,161,public,local-producer,2025-11-05T10:21:21.719078,1.3.6.1.2.1.6.9.0,30
localhost,127.0.0.1,161,public,local-producer,2025-11-05T10:21:21.719078,1.3.6.1.2.1.6.8.0,99
localhost,127.0.0.1,161,public,local-producer,2025-11-05T10:21:21.719078,1.3.6.1.2.1.6.5.0,895
localhost,127.0.0.1,161,public,local-producer,2025-11-05T10:21:21.719078,1.3.6.1.2.1.7.1.0,82494
localhost,127.0.0.1,161,public,local-producer,2025-11-05T10:21:21.719078,1.3.6.1.2.1.7.4.0,17942
localhost,127.0.0.1,161,public,local-producer,2025-11-05T10:21:21.719078,1.3.6.1.2.1.7.3.0,0
localhost,127.0.0.1,161,public,local-producer,2025-11-05T10:21:21.719078,1.3.6.1.2.1.7.2.0,209
localhost,127.0.0.1,161,public,local-producer,2025-11-05T10:21:21.719078,1.3.6.1.2.1.4.3.0,96864
localhost,127.0.0.1,161,public,local-producer,2025-11-05T10:21:21.719078,1.3.6.1.2.1.4.9.0,96934
localhost,127.0.0.1,161,public,local-producer,2025-11-05T10:21:21.719078,1.3.6.1.2.1.4.10.0,33812
localhost,127.0.0.1,161,public,local-producer,2025-11-05T10:21:21.719078,1.3.6.1.2.1.4.11.0,35
localhost,127.0.0.1,161,public,local-producer,2025-11-05T10:21:21.719078,1.3.6.1.2.1.4.8.0,211
localhost,127.0.0.1,161,public,local-producer,2025-11-05T10:21:21.719078,1.3.6.1.2.1.4.6.0,0
localhost,127.0.0.1,161,public,local-producer,2025-11-05T10:21:21.719078,1.3.6.1.2.1.4.12.0,9
localhost,127.0.0.1,161,public,local-producer,2025-11-05T10:21:21.719078,1.3.6.1.2.1.4.5.0,0
localhost,127.0.0.1,161,public,local-producer,2025-11-05T10:21:21.719078,1.3.6.1.2.1.5.1.0,8
localhost,127.0.0.1,161,public,local-producer,2025-11-05T10:21:21.719078,1.3.6.1.2.1.5.3.0,8
localhost,127.0.0.1,161,public,local-producer,2025-11-05T10:21:21.719078,1.3.6.1.2.1.5.14.0,10
localhost,127.0.0.1,161,public,local-producer,2025-11-05T10:21:21.719078,1.3.6.1.2.1.5.23.0,0
localhost,127.0.0.1,161,public,local-producer,2025-11-05T10:21:21.719078,1.3.6.1.2.1.5.8.0,0
localhost,127.0.0.1,161,public,local-producer,2025-11-05T10:21:21.719078,1.3.6.1.2.1.5.21.0,0
localhost,127.0.0.1,161,public,local-producer,2025-11-05T10:21:31.932074,1.3.6.1.2.1.2.2.1.10.11,0
localhost,127.0.0.1,161,public,local-producer,2025-11-05T10:21:31.932074,1.3.6.1.2.1.2.2.1.16.11,0
localhost,127.0.0.1,161,public,local-producer,2025-11-05T10:21:31.932074,1.3.6.1.2.1.2.2.1.19.11,0
localhost,127.0.0.1,161,public,local-producer,2025-11-05T10:21:31.932074,1.3.6.1.2.1.2.2.1.11.11,0
localhost,127.0.0.1,161,public,local-producer,2025-11-05T10:21:31.932074,1.3.6.1.2.1.2.2.1.12.11,0
localhost,127.0.0.1,161,public,local-producer,2025-11-05T10:21:31.932074,1.3.6.1.2.1.2.2.1.13.11,0
localhost,127.0.0.1,161,public,local-producer,2025-11-05T10:21:31.932074,1.3.6.1.2.1.2.2.1.17.11,0
localhost,127.0.0.1,161,public,local-producer,2025-11-05T10:21:31.932074,1.3.6.1.2.1.2.2.1.18.11,0
localhost,127.0.0.1,161,public,local-producer,2025-11-05T10:21:31.932074,1.3.6.1.2.1.6.15.0,329
localhost,127.0.0.1,161,public,local-producer,2025-11-05T10:21:31.932074,1.3.6.1.2.1.6.10.0,16829
localhost,127.0.0.1,161,public,local-producer,2025-11-05T10:21:31.932074,1.3.6.1.2.1.6.11.0,17222
localhost,127.0.0.1,161,public,local-producer,2025-11-05T10:21:31.932074,1.3.6.1.2.1.6.6.0,54
localhost,127.0.0.1,161,public,local-producer,2025-11-05T10:21:31.932074,1.3.6.1.2.1.6.12.0,395
localhost,127.0.0.1,161,public,local-producer,2025-11-05T10:21:31.932074,1.3.6.1.2.1.6.9.0,25
localhost,127.0.0.1,161,public,local-producer,2025-11-05T10:21:31.932074,1.3.6.1.2.1.6.8.0,100
localhost,127.0.0.1,161,public,local-producer,2025-11-05T10:21:31.932074,1.3.6.1.2.1.6.5.0,898
localhost,127.0.0.1,161,public,local-producer,2025-11-05T10:21:31.932074,1.3.6.1.2.1.7.1.0,82514
localhost,127.0.0.1,161,public,local-producer,2025-11-05T10:21:31.932074,1.3.6.1.2.1.7.4.0,17957
localhost,127.0.0.1,161,public,local-producer,2025-11-05T10:21:31.932074,1.3.6.1.2.1.7.3.0,0
localhost,127.0.0.1,161,public,local-producer,2025-11-05T10:21:31.932074,1.3.6.1.2.1.7.2.0,209
localhost,127.0.0.1,161,public,local-producer,2025-11-05T10:21:31.932074,1.3.6.1.2.1.4.3.0,96921
localhost,127.0.0.1,161,public,local-producer,2025-11-05T10:21:31.932074,1.3.6.1.2.1.4.9.0,96989
localhost,127.0.0.1,161,public,local-producer,2025-11-05T10:21:31.932074,1.3.6.1.2.1.4.10.0,33867
localhost,127.0.0.1,161,public,local-producer,2025-11-05T10:21:31.932074,1.3.6.1.2.1.4.11.0,35
localhost,127.0.0.1,161,public,local-producer,2025-11-05T10:21:31.932074,1.3.6.1.2.1.4.8.0,211
localhost,127.0.0.1,161,public,local-producer,2025-11-05T10:21:31.932074,1.3.6.1.2.1.4.6.0,0
localhost,127.0.0.1,161,public,local-producer,2025-11-05T10:21:31.932074,1.3.6.1.2.1.4.12.0,9
localhost,127.0.0.1,161,public,local-producer,2025-11-05T10:21:31.932074,1.3.6.1.2.1.4.5.0,0
localhost,127.0.0.1,161,public,local-producer,2025-11-05T10:21:31.932074,1.3.6.1.2.1.5.1.0,8
localhost,127.0.0.1,161,public,local-producer,2025-11-05T10:21:31.932074,1.3.6.1.2.1.5.3.0,8
localhost,127.0.0.1,161,public,local-producer,2025-11-05T10:21:31.932074,1.3.6.1.2.1.5.14.0,10
localhost,127.0.0.1,161,public,local-producer,2025-11-05T10:21:31.932074,1.3.6.1.2.1.5.23.0,0
localhost,127.0.0.1,161,public,local-producer,2025-11-05T10:21:31.932074,1.3.6.1.2.1.5.8.0,0
localhost,127.0.0.1,161,public,local-producer,2025-11-05T10:21:31.932074,1.3.6.1.2.1.5.21.0,0
localhost,127.0.0.1,161,public,local-producer,2025-11-05T10:21:42.399681,1.3.6.1.2.1.2.2.1.10.11,0
localhost,127.0.0.1,161,public,local-producer,2025-11-05T10:21:42.399681,1.3.6.1.2.1.2.2.1.16.11,0
localhost,127.0.0.1,161,public,local-producer,2025-11-05T10:21:42.399681,1.3.6.1.2.1.2.2.1.19.11,0
localhost,127.0.0.1,161,public,local-producer,2025-11-05T10:21:42.399681,1.3.6.1.2.1.2.2.1.11.11,0
localhost,127.0.0.1,161,public,local-producer,2025-11-05T10:21:42.399681,1.3.6.1.2.1.2.2.1.12.11,0
localhost,127.0.0.1,161,public,local-producer,2025-11-05T10:21:42.399681,1.3.6.1.2.1.2.2.1.13.11,0
localhost,127.0.0.1,161,public,local-producer,2025-11-05T10:21:42.399681,1.3.6.1.2.1.2.2.1.17.11,0
localhost,127.0.0.1,161,public,local-producer,2025-11-05T10:21:42.399681,1.3.6.1.2.1.2.2.1.18.11,0
localhost,127.0.0.1,161,public,local-producer,2025-11-05T10:21:42.399681,1.3.6.1.2.1.6.15.0,329
localhost,127.0.0.1,161,public,local-producer,2025-11-05T10:21:42.399681,1.3.6.1.2.1.6.10.0,16850
localhost,127.0.0.1,161,public,local-producer,2025-11-05T10:21:42.399681,1.3.6.1.2.1.6.11.0,17240
localhost,127.0.0.1,161,public,local-producer,2025-11-05T10:21:42.399681,1.3.6.1.2.1.6.6.0,54
localhost,127.0.0.1,161,public,local-producer,2025-11-05T10:21:42.399681,1.3.6.1.2.1.6.12.0,395
localhost,127.0.0.1,161,public,local-producer,2025-11-05T10:21:42.399681,1.3.6.1.2.1.6.9.0,25
localhost,127.0.0.1,161,public,local-producer,2025-11-05T10:21:42.399681,1.3.6.1.2.1.6.8.0,100
localhost,127.0.0.1,161,public,local-producer,2025-11-05T10:21:42.399681,1.3.6.1.2.1.6.5.0,898
localhost,127.0.0.1,161,public,local-producer,2025-11-05T10:21:42.399681,1.3.6.1.2.1.7.1.0,82516
localhost,127.0.0.1,161,public,local-producer,2025-11-05T10:21:42.399681,1.3.6.1.2.1.7.4.0,17959
localhost,127.0.0.1,161,public,local-producer,2025-11-05T10:21:42.399681,1.3.6.1.2.1.7.3.0,0
localhost,127.0.0.1,161,public,local-producer,2025-11-05T10:21:42.399681,1.3.6.1.2.1.7.2.0,209
localhost,127.0.0.1,161,public,local-producer,2025-11-05T10:21:42.399681,1.3.6.1.2.1.4.3.0,96940
localhost,127.0.0.1,161,public,local-producer,2025-11-05T10:21:42.399681,1.3.6.1.2.1.4.9.0,97002
localhost,127.0.0.1,161,public,local-producer,2025-11-05T10:21:42.399681,1.3.6.1.2.1.4.10.0,33882
localhost,127.0.0.1,161,public,local-producer,2025-11-05T10:21:42.399681,1.3.6.1.2.1.4.11.0,35
localhost,127.0.0.1,161,public,local-producer,2025-11-05T10:21:42.399681,1.3.6.1.2.1.4.8.0,211
localhost,127.0.0.1,161,public,local-producer,2025-11-05T10:21:42.399681,1.3.6.1.2.1.4.6.0,0
localhost,127.0.0.1,161,public,local-producer,2025-11-05T10:21:42.399681,1.3.6.1.2.1.4.12.0,9
localhost,127.0.0.1,161,public,local-producer,2025-11-05T10:21:42.399681,1.3.6.1.2.1.4.5.0,0
localhost,127.0.0.1,161,public,local-producer,2025-11-05T10:21:42.399681,1.3.6.1.2.1.5.1.0,8
localhost,127.0.0.1,161,public,local-producer,2025-11-05T10:21:42.399681,1.3.6.1.2.1.5.3.0,8
localhost,127.0.0.1,161,public,local-producer,2025-11-05T10:21:42.399681,1.3.6.1.2.1.5.14.0,10
localhost,127.0.0.1,161,public,local-producer,2025-11-05T10:21:42.399681,1.3.6.1.2.1.5.23.0,0
localhost,127.0.0.1,161,public,local-producer,2025-11-05T10:21:42.399681,1.3.6.1.2.1.5.8.0,0
localhost,127.0.0.1,161,public,local-producer,2025-11-05T10:21:42.399681,1.3.6.1.2.1.5.21.0,0
localhost,127.0.0.1,161,public,local-producer,2025-11-05T10:21:52.714980,1.3.6.1.2.1.2.2.1.10.11,0
localhost,127.0.0.1,161,public,local-producer,2025-11-05T10:21:52.714980,1.3.6.1.2.1.2.2.1.16.11,0
localhost,127.0.0.1,161,public,local-producer,2025-11-05T10:21:52.714980,1.3.6.1.2.1.2.2.1.19.11,0
localhost,127.0.0.1,161,public,local-producer,2025-11-05T10:21:52.714980,1.3.6.1.2.1.2.2.1.11.11,0
localhost,127.0.0.1,161,public,local-producer,2025-11-05T10:21:52.714980,1.3.6.1.2.1.2.2.1.12.11,0
localhost,127.0.0.1,161,public,local-producer,2025-11-05T10:21:52.714980,1.3.6.1.2.1.2.2.1.13.11,0
localhost,127.0.0.1,161,public,local-producer,2025-11-05T10:21:52.714980,1.3.6.1.2.1.2.2.1.17.11,0
localhost,127.0.0.1,161,public,local-producer,2025-11-05T10:21:52.714980,1.3.6.1.2.1.2.2.1.18.11,0
localhost,127.0.0.1,161,public,local-producer,2025-11-05T10:21:52.714980,1.3.6.1.2.1.6.15.0,329
localhost,127.0.0.1,161,public,local-producer,2025-11-05T10:21:52.714980,1.3.6.1.2.1.6.10.0,16870
localhost,127.0.0.1,161,public,local-producer,2025-11-05T10:21:52.714980,1.3.6.1.2.1.6.11.0,17256
localhost,127.0.0.1,161,public,local-producer,2025-11-05T10:21:52.714980,1.3.6.1.2.1.6.6.0,54
localhost,127.0.0.1,161,public,local-producer,2025-11-05T10:21:52.714980,1.3.6.1.2.1.6.12.0,395
localhost,127.0.0.1,161,public,local-producer,2025-11-05T10:21:52.714980,1.3.6.1.2.1.6.9.0,25
localhost,127.0.0.1,161,public,local-producer,2025-11-05T10:21:52.714980,1.3.6.1.2.1.6.8.0,100
localhost,127.0.0.1,161,public,local-producer,2025-11-05T10:21:52.714980,1.3.6.1.2.1.6.5.0,898
localhost,127.0.0.1,161,public,local-producer,2025-11-05T10:21:52.714980,1.3.6.1.2.1.7.1.0,82522
localhost,127.0.0.1,161,public,local-producer,2025-11-05T10:21:52.714980,1.3.6.1.2.1.7.4.0,17961
localhost,127.0.0.1,161,public,local-producer,2025-11-05T10:21:52.714980,1.3.6.1.2.1.7.3.0,0
localhost,127.0.0.1,161,public,local-producer,2025-11-05T10:21:52.714980,1.3.6.1.2.1.7.2.0,209
localhost,127.0.0.1,161,public,local-producer,2025-11-05T10:21:52.714980,1.3.6.1.2.1.4.3.0,96953
localhost,127.0.0.1,161,public,local-producer,2025-11-05T10:21:52.714980,1.3.6.1.2.1.4.9.0,97013
localhost,127.0.0.1,161,public,local-producer,2025-11-05T10:21:52.714980,1.3.6.1.2.1.4.10.0,33891
localhost,127.0.0.1,161,public,local-producer,2025-11-05T10:21:52.714980,1.3.6.1.2.1.4.11.0,35
localhost,127.0.0.1,161,public,local-producer,2025-11-05T10:21:52.714980,1.3.6.1.2.1.4.8.0,211
localhost,127.0.0.1,161,public,local-producer,2025-11-05T10:21:52.714980,1.3.6.1.2.1.4.6.0,0
localhost,127.0.0.1,161,public,local-producer,2025-11-05T10:21:52.714980,1.3.6.1.2.1.4.12.0,9
localhost,127.0.0.1,161,public,local-producer,2025-11-05T10:21:52.714980,1.3.6.1.2.1.4.5.0,0
localhost,127.0.0.1,161,public,local-producer,2025-11-05T10:21:52.714980,1.3.6.1.2.1.5.1.0,8
localhost,127.0.0.1,161,public,local-producer,2025-11-05T10:21:52.714980,1.3.6.1.2.1.5.3.0,8
localhost,127.0.0.1,161,public,local-producer,2025-11-05T10:21:52.714980,1.3.6.1.2.1.5.14.0,10
localhost,127.0.0.1,161,public,local-producer,2025-11-05T10:21:52.714980,1.3.6.1.2.1.5.23.0,0
localhost,127.0.0.1,161,public,local-producer,2025-11-05T10:21:52.714980,1.3.6.1.2.1.5.8.0,0
localhost,127.0.0.1,161,public,local-producer,2025-11-05T10:21:52.714980,1.3.6.1.2.1.5.21.0,0
localhost,127.0.0.1,161,public,local-producer,2025-11-05T10:22:02.934483,1.3.6.1.2.1.2.2.1.10.11,0
localhost,127.0.0.1,161,public,local-producer,2025-11-05T10:22:02.934483,1.3.6.1.2.1.2.2.1.16.11,0
localhost,127.0.0.1,161,public,local-producer,2025-11-05T10:22:02.934483,1.3.6.1.2.1.2.2.1.19.11,0
localhost,127.0.0.1,161,public,local-producer,2025-11-05T10:22:02.934483,1.3.6.1.2.1.2.2.1.11.11,0
localhost,127.0.0.1,161,public,local-producer,2025-11-05T10:22:02.934483,1.3.6.1.2.1.2.2.1.12.11,0
localhost,127.0.0.1,161,public,local-producer,2025-11-05T10:22:02.934483,1.3.6.1.2.1.2.2.1.13.11,0
localhost,127.0.0.1,161,public,local-producer,2025-11-05T10:22:02.934483,1.3.6.1.2.1.2.2.1.17.11,0
localhost,127.0.0.1,161,public,local-producer,2025-11-05T10:22:02.934483,1.3.6.1.2.1.2.2.1.18.11,0
localhost,127.0.0.1,161,public,local-producer,2025-11-05T10:22:02.934483,1.3.6.1.2.1.6.15.0,330
localhost,127.0.0.1,161,public,local-producer,2025-11-05T10:22:02.934483,1.3.6.1.2.1.6.10.0,16883
localhost,127.0.0.1,161,public,local-producer,2025-11-05T10:22:02.934483,1.3.6.1.2.1.6.11.0,17266
localhost,127.0.0.1,161,public,local-producer,2025-11-05T10:22:02.934483,1.3.6.1.2.1.6.6.0,55
localhost,127.0.0.1,161,public,local-producer,2025-11-05T10:22:02.934483,1.3.6.1.2.1.6.12.0,395
localhost,127.0.0.1,161,public,local-producer,2025-11-05T10:22:02.934483,1.3.6.1.2.1.6.9.0,25
localhost,127.0.0.1,161,public,local-producer,2025-11-05T10:22:02.934483,1.3.6.1.2.1.6.8.0,102
localhost,127.0.0.1,161,public,local-producer,2025-11-05T10:22:02.934483,1.3.6.1.2.1.6.5.0,899
localhost,127.0.0.1,161,public,local-producer,2025-11-05T10:22:02.934483,1.3.6.1.2.1.7.1.0,82524
localhost,127.0.0.1,161,public,local-producer,2025-11-05T10:22:02.934483,1.3.6.1.2.1.7.4.0,17963
localhost,127.0.0.1,161,public,local-producer,2025-11-05T10:22:02.934483,1.3.6.1.2.1.7.3.0,0
localhost,127.0.0.1,161,public,local-producer,2025-11-05T10:22:02.934483,1.3.6.1.2.1.7.2.0,209
localhost,127.0.0.1,161,public,local-producer,2025-11-05T10:22:02.934483,1.3.6.1.2.1.4.3.0,96958
localhost,127.0.0.1,161,public,local-producer,2025-11-05T10:22:02.934483,1.3.6.1.2.1.4.9.0,97016
localhost,127.0.0.1,161,public,local-producer,2025-11-05T10:22:02.934483,1.3.6.1.2.1.4.10.0,33896
localhost,127.0.0.1,161,public,local-producer,2025-11-05T10:22:02.934483,1.3.6.1.2.1.4.11.0,35
localhost,127.0.0.1,161,public,local-producer,2025-11-05T10:22:02.934483,1.3.6.1.2.1.4.8.0,211
localhost,127.0.0.1,161,public,local-producer,2025-11-05T10:22:02.934483,1.3.6.1.2.1.4.6.0,0
localhost,127.0.0.1,161,public,local-producer,2025-11-05T10:22:02.934483,1.3.6.1.2.1.4.12.0,9
localhost,127.0.0.1,161,public,local-producer,2025-11-05T10:22:02.934483,1.3.6.1.2.1.4.5.0,0
localhost,127.0.0.1,161,public,local-producer,2025-11-05T10:22:02.934483,1.3.6.1.2.1.5.1.0,8
localhost,127.0.0.1,161,public,local-producer,2025-11-05T10:22:02.934483,1.3.6.1.2.1.5.3.0,8
localhost,127.0.0.1,161,public,local-producer,2025-11-05T10:22:02.934483,1.3.6.1.2.1.5.14.0,10
localhost,127.0.0.1,161,public,local-producer,2025-11-05T10:22:02.934483,1.3.6.1.2.1.5.23.0,0
localhost,127.0.0.1,161,public,local-producer,2025-11-05T10:22:02.934483,1.3.6.1.2.1.5.8.0,0
localhost,127.0.0.1,161,public,local-producer,2025-11-05T10:22:02.934483,1.3.6.1.2.1.5.21.0,0
localhost,127.0.0.1,161,public,local-producer,2025-11-05T10:22:13.126084,1.3.6.1.2.1.2.2.1.10.11,0
localhost,127.0.0.1,161,public,local-producer,2025-11-05T10:22:13.126084,1.3.6.1.2.1.2.2.1.16.11,0
localhost,127.0.0.1,161,public,local-producer,2025-11-05T10:22:13.126084,1.3.6.1.2.1.2.2.1.19.11,0
localhost,127.0.0.1,161,public,local-producer,2025-11-05T10:22:13.126084,1.3.6.1.2.1.2.2.1.11.11,0
localhost,127.0.0.1,161,public,local-producer,2025-11-05T10:22:13.126084,1.3.6.1.2.1.2.2.1.12.11,0
localhost,127.0.0.1,161,public,local-producer,2025-11-05T10:22:13.126084,1.3.6.1.2.1.2.2.1.13.11,0
localhost,127.0.0.1,161,public,local-producer,2025-11-05T10:22:13.126084,1.3.6.1.2.1.2.2.1.17.11,0
localhost,127.0.0.1,161,public,local-producer,2025-11-05T10:22:13.126084,1.3.6.1.2.1.2.2.1.18.11,0
localhost,127.0.0.1,161,public,local-producer,2025-11-05T10:22:13.126084,1.3.6.1.2.1.6.15.0,330
localhost,127.0.0.1,161,public,local-producer,2025-11-05T10:22:13.126084,1.3.6.1.2.1.6.10.0,16896
localhost,127.0.0.1,161,public,local-producer,2025-11-05T10:22:13.126084,1.3.6.1.2.1.6.11.0,17276
localhost,127.0.0.1,161,public,local-producer,2025-11-05T10:22:13.126084,1.3.6.1.2.1.6.6.0,55
localhost,127.0.0.1,161,public,local-producer,2025-11-05T10:22:13.126084,1.3.6.1.2.1.6.12.0,395
localhost,127.0.0.1,161,public,local-producer,2025-11-05T10:22:13.126084,1.3.6.1.2.1.6.9.0,26
localhost,127.0.0.1,161,public,local-producer,2025-11-05T10:22:13.126084,1.3.6.1.2.1.6.8.0,102
localhost,127.0.0.1,161,public,local-producer,2025-11-05T10:22:13.126084,1.3.6.1.2.1.6.5.0,900
localhost,127.0.0.1,161,public,local-producer,2025-11-05T10:22:13.126084,1.3.6.1.2.1.7.1.0,82526
localhost,127.0.0.1,161,public,local-producer,2025-11-05T10:22:13.126084,1.3.6.1.2.1.7.4.0,17965
localhost,127.0.0.1,161,public,local-producer,2025-11-05T10:22:13.126084,1.3.6.1.2.1.7.3.0,0
localhost,127.0.0.1,161,public,local-producer,2025-11-05T10:22:13.126084,1.3.6.1.2.1.7.2.0,209
localhost,127.0.0.1,161,public,local-producer,2025-11-05T10:22:13.126084,1.3.6.1.2.1.4.3.0,96971
localhost,127.0.0.1,161,public,local-producer,2025-11-05T10:22:13.126084,1.3.6.1.2.1.4.9.0,97023
localhost,127.0.0.1,161,public,local-producer,2025-11-05T10:22:13.126084,1.3.6.1.2.1.4.10.0,33906
localhost,127.0.0.1,161,public,local-producer,2025-11-05T10:22:13.126084,1.3.6.1.2.1.4.11.0,35
localhost,127.0.0.1,161,public,local-producer,2025-11-05T10:22:13.126084,1.3.6.1.2.1.4.8.0,211
localhost,127.0.0.1,161,public,local-producer,2025-11-05T10:22:13.126084,1.3.6.1.2.1.4.6.0,0
localhost,127.0.0.1,161,public,local-producer,2025-11-05T10:22:13.126084,1.3.6.1.2.1.4.12.0,9
localhost,127.0.0.1,161,public,local-producer,2025-11-05T10:22:13.126084,1.3.6.1.2.1.4.5.0,0
localhost,127.0.0.1,161,public,local-producer,2025-11-05T10:22:13.126084,1.3.6.1.2.1.5.1.0,8
localhost,127.0.0.1,161,public,local-producer,2025-11-05T10:22:13.126084,1.3.6.1.2.1.5.3.0,8
localhost,127.0.0.1,161,public,local-producer,2025-11-05T10:22:13.126084,1.3.6.1.2.1.5.14.0,10
localhost,127.0.0.1,161,public,local-producer,2025-11-05T10:22:13.126084,1.3.6.1.2.1.5.23.0,0
localhost,127.0.0.1,161,public,local-producer,2025-11-05T10:22:13.126084,1.3.6.1.2.1.5.8.0,0
localhost,127.0.0.1,161,public,local-producer,2025-11-05T10:22:13.126084,1.3.6.1.2.1.5.21.0,0
localhost,127.0.0.1,161,public,local-producer,2025-11-05T10:22:23.415021,1.3.6.1.2.1.2.2.1.10.11,0
localhost,127.0.0.1,161,public,local-producer,2025-11-05T10:22:23.415021,1.3.6.1.2.1.2.2.1.16.11,0
localhost,127.0.0.1,161,public,local-producer,2025-11-05T10:22:23.415021,1.3.6.1.2.1.2.2.1.19.11,0
localhost,127.0.0.1,161,public,local-producer,2025-11-05T10:22:23.415021,1.3.6.1.2.1.2.2.1.11.11,0
localhost,127.0.0.1,161,public,local-producer,2025-11-05T10:22:23.415021,1.3.6.1.2.1.2.2.1.12.11,0
localhost,127.0.0.1,161,public,local-producer,2025-11-05T10:22:23.415021,1.3.6.1.2.1.2.2.1.13.11,0
localhost,127.0.0.1,161,public,local-producer,2025-11-05T10:22:23.415021,1.3.6.1.2.1.2.2.1.17.11,0
localhost,127.0.0.1,161,public,local-producer,2025-11-05T10:22:23.415021,1.3.6.1.2.1.2.2.1.18.11,0
localhost,127.0.0.1,161,public,local-producer,2025-11-05T10:22:23.415021,1.3.6.1.2.1.6.15.0,330
localhost,127.0.0.1,161,public,local-producer,2025-11-05T10:22:23.415021,1.3.6.1.2.1.6.10.0,17081
localhost,127.0.0.1,161,public,local-producer,2025-11-05T10:22:23.415021,1.3.6.1.2.1.6.11.0,17463
localhost,127.0.0.1,161,public,local-producer,2025-11-05T10:22:23.415021,1.3.6.1.2.1.6.6.0,59
localhost,127.0.0.1,161,public,local-producer,2025-11-05T10:22:23.415021,1.3.6.1.2.1.6.12.0,397
localhost,127.0.0.1,161,public,local-producer,2025-11-05T10:22:23.415021,1.3.6.1.2.1.6.9.0,33
localhost,127.0.0.1,161,public,local-producer,2025-11-05T10:22:23.415021,1.3.6.1.2.1.6.8.0,102
localhost,127.0.0.1,161,public,local-producer,2025-11-05T10:22:23.415021,1.3.6.1.2.1.6.5.0,906
localhost,127.0.0.1,161,public,local-producer,2025-11-05T10:22:23.415021,1.3.6.1.2.1.7.1.0,82537
localhost,127.0.0.1,161,public,local-producer,2025-11-05T10:22:23.415021,1.3.6.1.2.1.7.4.0,17978
localhost,127.0.0.1,161,public,local-producer,2025-11-05T10:22:23.415021,1.3.6.1.2.1.7.3.0,0
localhost,127.0.0.1,161,public,local-producer,2025-11-05T10:22:23.415021,1.3.6.1.2.1.7.2.0,209
localhost,127.0.0.1,161,public,local-producer,2025-11-05T10:22:23.415021,1.3.6.1.2.1.4.3.0,97007
localhost,127.0.0.1,161,public,local-producer,2025-11-05T10:22:23.415021,1.3.6.1.2.1.4.9.0,97057
localhost,127.0.0.1,161,public,local-producer,2025-11-05T10:22:23.415021,1.3.6.1.2.1.4.10.0,33951
localhost,127.0.0.1,161,public,local-producer,2025-11-05T10:22:23.415021,1.3.6.1.2.1.4.11.0,35
localhost,127.0.0.1,161,public,local-producer,2025-11-05T10:22:23.415021,1.3.6.1.2.1.4.8.0,211
localhost,127.0.0.1,161,public,local-producer,2025-11-05T10:22:23.415021,1.3.6.1.2.1.4.6.0,0
localhost,127.0.0.1,161,public,local-producer,2025-11-05T10:22:23.415021,1.3.6.1.2.1.4.12.0,9
localhost,127.0.0.1,161,public,local-producer,2025-11-05T10:22:23.415021,1.3.6.1.2.1.4.5.0,0
localhost,127.0.0.1,161,public,local-producer,2025-11-05T10:22:23.415021,1.3.6.1.2.1.5.1.0,8
localhost,127.0.0.1,161,public,local-producer,2025-11-05T10:22:23.415021,1.3.6.1.2.1.5.3.0,8
localhost,127.0.0.1,161,public,local-producer,2025-11-05T10:22:23.415021,1.3.6.1.2.1.5.14.0,10
localhost,127.0.0.1,161,public,local-producer,2025-11-05T10:22:23.415021,1.3.6.1.2.1.5.23.0,0
localhost,127.0.0.1,161,public,local-producer,2025-11-05T10:22:23.415021,1.3.6.1.2.1.5.8.0,0
localhost,127.0.0.1,161,public,local-producer,2025-11-05T10:22:23.415021,1.3.6.1.2.1.5.21.0,0
localhost,127.0.0.1,161,public,local-producer,2025-11-05T10:22:33.732534,1.3.6.1.2.1.2.2.1.10.11,0
localhost,127.0.0.1,161,public,local-producer,2025-11-05T10:22:33.732534,1.3.6.1.2.1.2.2.1.16.11,0
localhost,127.0.0.1,161,public,local-producer,2025-11-05T10:22:33.732534,1.3.6.1.2.1.2.2.1.19.11,0
localhost,127.0.0.1,161,public,local-producer,2025-11-05T10:22:33.732534,1.3.6.1.2.1.2.2.1.11.11,0
localhost,127.0.0.1,161,public,local-producer,2025-11-05T10:22:33.732534,1.3.6.1.2.1.2.2.1.12.11,0
localhost,127.0.0.1,161,public,local-producer,2025-11-05T10:22:33.732534,1.3.6.1.2.1.2.2.1.13.11,0
localhost,127.0.0.1,161,public,local-producer,2025-11-05T10:22:33.732534,1.3.6.1.2.1.2.2.1.17.11,0
localhost,127.0.0.1,161,public,local-producer,2025-11-05T10:22:33.732534,1.3.6.1.2.1.2.2.1.18.11,0
localhost,127.0.0.1,161,public,local-producer,2025-11-05T10:22:33.732534,1.3.6.1.2.1.6.15.0,330
localhost,127.0.0.1,161,public,local-producer,2025-11-05T10:22:33.732534,1.3.6.1.2.1.6.10.0,17194
localhost,127.0.0.1,161,public,local-producer,2025-11-05T10:22:33.732534,1.3.6.1.2.1.6.11.0,17571
localhost,127.0.0.1,161,public,local-producer,2025-11-05T10:22:33.732534,1.3.6.1.2.1.6.6.0,59
localhost,127.0.0.1,161,public,local-producer,2025-11-05T10:22:33.732534,1.3.6.1.2.1.6.12.0,397
localhost,127.0.0.1,161,public,local-producer,2025-11-05T10:22:33.732534,1.3.6.1.2.1.6.9.0,34
localhost,127.0.0.1,161,public,local-producer,2025-11-05T10:22:33.732534,1.3.6.1.2.1.6.8.0,102
localhost,127.0.0.1,161,public,local-producer,2025-11-05T10:22:33.732534,1.3.6.1.2.1.6.5.0,907
localhost,127.0.0.1,161,public,local-producer,2025-11-05T10:22:33.732534,1.3.6.1.2.1.7.1.0,82539
localhost,127.0.0.1,161,public,local-producer,2025-11-05T10:22:33.732534,1.3.6.1.2.1.7.4.0,17980
localhost,127.0.0.1,161,public,local-producer,2025-11-05T10:22:33.732534,1.3.6.1.2.1.7.3.0,0
localhost,127.0.0.1,161,public,local-producer,2025-11-05T10:22:33.732534,1.3.6.1.2.1.7.2.0,209
localhost,127.0.0.1,161,public,local-producer,2025-11-05T10:22:33.732534,1.3.6.1.2.1.4.3.0,97024
localhost,127.0.0.1,161,public,local-producer,2025-11-05T10:22:33.732534,1.3.6.1.2.1.4.9.0,97072
localhost,127.0.0.1,161,public,local-producer,2025-11-05T10:22:33.732534,1.3.6.1.2.1.4.10.0,33965
localhost,127.0.0.1,161,public,local-producer,2025-11-05T10:22:33.732534,1.3.6.1.2.1.4.11.0,35
localhost,127.0.0.1,161,public,local-producer,2025-11-05T10:22:33.732534,1.3.6.1.2.1.4.8.0,211
localhost,127.0.0.1,161,public,local-producer,2025-11-05T10:22:33.732534,1.3.6.1.2.1.4.6.0,0
localhost,127.0.0.1,161,public,local-producer,2025-11-05T10:22:33.732534,1.3.6.1.2.1.4.12.0,9
localhost,127.0.0.1,161,public,local-producer,2025-11-05T10:22:33.732534,1.3.6.1.2.1.4.5.0,0
localhost,127.0.0.1,161,public,local-producer,2025-11-05T10:22:33.732534,1.3.6.1.2.1.5.1.0,8
localhost,127.0.0.1,161,public,local-producer,2025-11-05T10:22:33.732534,1.3.6.1.2.1.5.3.0,8
localhost,127.0.0.1,161,public,local-producer,2025-11-05T10:22:33.732534,1.3.6.1.2.1.5.14.0,10
localhost,127.0.0.1,161,public,local-producer,2025-11-05T10:22:33.732534,1.3.6.1.2.1.5.23.0,0
localhost,127.0.0.1,161,public,local-producer,2025-11-05T10:22:33.732534,1.3.6.1.2.1.5.8.0,0
localhost,127.0.0.1,161,public,local-producer,2025-11-05T10:22:33.732534,1.3.6.1.2.1.5.21.0,0
localhost,127.0.0.1,161,public,local-producer,2025-11-05T10:22:44.089339,1.3.6.1.2.1.2.2.1.10.11,0
localhost,127.0.0.1,161,public,local-producer,2025-11-05T10:22:44.089339,1.3.6.1.2.1.2.2.1.16.11,0
localhost,127.0.0.1,161,public,local-producer,2025-11-05T10:22:44.089339,1.3.6.1.2.1.2.2.1.19.11,0
localhost,127.0.0.1,161,public,local-producer,2025-11-05T10:22:44.089339,1.3.6.1.2.1.2.2.1.11.11,0
localhost,127.0.0.1,161,public,local-producer,2025-11-05T10:22:44.089339,1.3.6.1.2.1.2.2.1.12.11,0
localhost,127.0.0.1,161,public,local-producer,2025-11-05T10:22:44.089339,1.3.6.1.2.1.2.2.1.13.11,0
localhost,127.0.0.1,161,public,local-producer,2025-11-05T10:22:44.089339,1.3.6.1.2.1.2.2.1.17.11,0
localhost,127.0.0.1,161,public,local-producer,2025-11-05T10:22:44.089339,1.3.6.1.2.1.2.2.1.18.11,0
localhost,127.0.0.1,161,public,local-producer,2025-11-05T10:22:44.089339,1.3.6.1.2.1.6.15.0,330
localhost,127.0.0.1,161,public,local-producer,2025-11-05T10:22:44.089339,1.3.6.1.2.1.6.10.0,17300
localhost,127.0.0.1,161,public,local-producer,2025-11-05T10:22:44.089339,1.3.6.1.2.1.6.11.0,17674
localhost,127.0.0.1,161,public,local-producer,2025-11-05T10:22:44.089339,1.3.6.1.2.1.6.6.0,59
localhost,127.0.0.1,161,public,local-producer,2025-11-05T10:22:44.089339,1.3.6.1.2.1.6.12.0,397
localhost,127.0.0.1,161,public,local-producer,2025-11-05T10:22:44.089339,1.3.6.1.2.1.6.9.0,34
localhost,127.0.0.1,161,public,local-producer,2025-11-05T10:22:44.089339,1.3.6.1.2.1.6.8.0,102
localhost,127.0.0.1,161,public,local-producer,2025-11-05T10:22:44.089339,1.3.6.1.2.1.6.5.0,907
localhost,127.0.0.1,161,public,local-producer,2025-11-05T10:22:44.089339,1.3.6.1.2.1.7.1.0,82541
localhost,127.0.0.1,161,public,local-producer,2025-11-05T10:22:44.089339,1.3.6.1.2.1.7.4.0,17982
localhost,127.0.0.1,161,public,local-producer,2025-11-05T10:22:44.089339,1.3.6.1.2.1.7.3.0,0
localhost,127.0.0.1,161,public,local-producer,2025-11-05T10:22:44.089339,1.3.6.1.2.1.7.2.0,209
localhost,127.0.0.1,161,public,local-producer,2025-11-05T10:22:44.089339,1.3.6.1.2.1.4.3.0,97033
localhost,127.0.0.1,161,public,local-producer,2025-11-05T10:22:44.089339,1.3.6.1.2.1.4.9.0,97076
localhost,127.0.0.1,161,public,local-producer,2025-11-05T10:22:44.089339,1.3.6.1.2.1.4.10.0,33970
localhost,127.0.0.1,161,public,local-producer,2025-11-05T10:22:44.089339,1.3.6.1.2.1.4.11.0,35
localhost,127.0.0.1,161,public,local-producer,2025-11-05T10:22:44.089339,1.3.6.1.2.1.4.8.0,211
localhost,127.0.0.1,161,public,local-producer,2025-11-05T10:22:44.089339,1.3.6.1.2.1.4.6.0,0
localhost,127.0.0.1,161,public,local-producer,2025-11-05T10:22:44.089339,1.3.6.1.2.1.4.12.0,9
localhost,127.0.0.1,161,public,local-producer,2025-11-05T10:22:44.089339,1.3.6.1.2.1.4.5.0,0
localhost,127.0.0.1,161,public,local-producer,2025-11-05T10:22:44.089339,1.3.6.1.2.1.5.1.0,8
localhost,127.0.0.1,161,public,local-producer,2025-11-05T10:22:44.089339,1.3.6.1.2.1.5.3.0,8
localhost,127.0.0.1,161,public,local-producer,2025-11-05T10:22:44.089339,1.3.6.1.2.1.5.14.0,10
localhost,127.0.0.1,161,public,local-producer,2025-11-05T10:22:44.089339,1.3.6.1.2.1.5.23.0,0
localhost,127.0.0.1,161,public,local-producer,2025-11-05T10:22:44.089339,1.3.6.1.2.1.5.8.0,0
localhost,127.0.0.1,161,public,local-producer,2025-11-05T10:22:44.089339,1.3.6.1.2.1.5.21.0,0
localhost,127.0.0.1,161,public,local-producer,2025-11-05T10:22:54.428608,1.3.6.1.2.1.2.2.1.10.11,0
localhost,127.0.0.1,161,public,local-producer,2025-11-05T10:22:54.428608,1.3.6.1.2.1.2.2.1.16.11,0
localhost,127.0.0.1,161,public,local-producer,2025-11-05T10:22:54.428608,1.3.6.1.2.1.2.2.1.19.11,0
localhost,127.0.0.1,161,public,local-producer,2025-11-05T10:22:54.428608,1.3.6.1.2.1.2.2.1.11.11,0
localhost,127.0.0.1,161,public,local-producer,2025-11-05T10:22:54.428608,1.3.6.1.2.1.2.2.1.12.11,0
localhost,127.0.0.1,161,public,local-producer,2025-11-05T10:22:54.428608,1.3.6.1.2.1.2.2.1.13.11,0
localhost,127.0.0.1,161,public,local-producer,2025-11-05T10:22:54.428608,1.3.6.1.2.1.2.2.1.17.11,0
localhost,127.0.0.1,161,public,local-producer,2025-11-05T10:22:54.428608,1.3.6.1.2.1.2.2.1.18.11,0
localhost,127.0.0.1,161,public,local-producer,2025-11-05T10:22:54.428608,1.3.6.1.2.1.6.15.0,331
localhost,127.0.0.1,161,public,local-producer,2025-11-05T10:22:54.428608,1.3.6.1.2.1.6.10.0,17408
localhost,127.0.0.1,161,public,local-producer,2025-11-05T10:22:54.428608,1.3.6.1.2.1.6.11.0,17775
localhost,127.0.0.1,161,public,local-producer,2025-11-05T10:22:54.428608,1.3.6.1.2.1.6.6.0,59
localhost,127.0.0.1,161,public,local-producer,2025-11-05T10:22:54.428608,1.3.6.1.2.1.6.12.0,397
localhost,127.0.0.1,161,public,local-producer,2025-11-05T10:22:54.428608,1.3.6.1.2.1.6.9.0,30
localhost,127.0.0.1,161,public,local-producer,2025-11-05T10:22:54.428608,1.3.6.1.2.1.6.8.0,105
localhost,127.0.0.1,161,public,local-producer,2025-11-05T10:22:54.428608,1.3.6.1.2.1.6.5.0,907
localhost,127.0.0.1,161,public,local-producer,2025-11-05T10:22:54.428608,1.3.6.1.2.1.7.1.0,82559
localhost,127.0.0.1,161,public,local-producer,2025-11-05T10:22:54.428608,1.3.6.1.2.1.7.4.0,17984
localhost,127.0.0.1,161,public,local-producer,2025-11-05T10:22:54.428608,1.3.6.1.2.1.7.3.0,0
localhost,127.0.0.1,161,public,local-producer,2025-11-05T10:22:54.428608,1.3.6.1.2.1.7.2.0,209
localhost,127.0.0.1,161,public,local-producer,2025-11-05T10:22:54.428608,1.3.6.1.2.1.4.3.0,97051
localhost,127.0.0.1,161,public,local-producer,2025-11-05T10:22:54.428608,1.3.6.1.2.1.4.9.0,97090
localhost,127.0.0.1,161,public,local-producer,2025-11-05T10:22:54.428608,1.3.6.1.2.1.4.10.0,33977
localhost,127.0.0.1,161,public,local-producer,2025-11-05T10:22:54.428608,1.3.6.1.2.1.4.11.0,35
localhost,127.0.0.1,161,public,local-producer,2025-11-05T10:22:54.428608,1.3.6.1.2.1.4.8.0,211
localhost,127.0.0.1,161,public,local-producer,2025-11-05T10:22:54.428608,1.3.6.1.2.1.4.6.0,0
localhost,127.0.0.1,161,public,local-producer,2025-11-05T10:22:54.428608,1.3.6.1.2.1.4.12.0,9
localhost,127.0.0.1,161,public,local-producer,2025-11-05T10:22:54.428608,1.3.6.1.2.1.4.5.0,0
localhost,127.0.0.1,161,public,local-producer,2025-11-05T10:22:54.428608,1.3.6.1.2.1.5.1.0,8
localhost,127.0.0.1,161,public,local-producer,2025-11-05T10:22:54.428608,1.3.6.1.2.1.5.3.0,8
localhost,127.0.0.1,161,public,local-producer,2025-11-05T10:22:54.428608,1.3.6.1.2.1.5.14.0,10
localhost,127.0.0.1,161,public,local-producer,2025-11-05T10:22:54.428608,1.3.6.1.2.1.5.23.0,0
localhost,127.0.0.1,161,public,local-producer,2025-11-05T10:22:54.428608,1.3.6.1.2.1.5.8.0,0
localhost,127.0.0.1,161,public,local-producer,2025-11-05T10:22:54.428608,1.3.6.1.2.1.5.21.0,0
